poblacion_acumulada_pct,tiempo_acumulado_pct
0.0,0.0
7.500854346696423,0.04654626602834013
7.522248201367968,0.04668693951376194
8.945840330906632,0.056597381208964195
11.984274390824064,0.08578058662061891
14.97502267467097,0.11742515737455178
18.203186445754476,0.15309168543835552
20.31380280833752,0.18119793478889062
23.897611263526684,0.23664835837358114
23.898512057407594,0.236662907752305
23.898737255877823,0.23666715875257163
23.90098924058009,0.23671750094189106
23.902396731019007,0.23674962059650023
24.268287945519987,0.24600954550911217
24.276057292742813,0.24621563073991354
24.40154914027669,0.24961990344694782
24.40256253339271,0.24964749309067644
24.42508238041539,0.2502873894507816
24.431838334522194,0.25050176490423487
30.231318238655202,0.44203998828354124
30.241452169815407,0.4423871502871945
30.243873053370347,0.4424788533675729
39.510902702437946,0.794137834434894
39.51428067949134,0.79426768027446
39.5151251737547,0.79430113524481
39.51653266419361,0.7943582768780547
39.520924034363034,0.7945442676159539
39.53443594257664,0.795119932364595
39.54682185843911,0.7956582093589755
39.549073843141386,0.79575728752386
39.66037818705097,0.8008672886560064
39.66713414115778,0.8011782309073922
39.68289803407365,0.8019053676336035
39.69866192698953,0.8026734276150138
39.69950642125288,0.8027152617731527
39.732272798670884,0.8043884926475289
39.73531297801894,0.8045447752897481
39.737790161191434,0.804672936163734
39.73976064780592,0.8047785947232062
39.742913426389094,0.8049480399227189
39.75107687093482,0.8053877364611409
39.76796675620182,0.806302444985979
39.77556720457198,0.8067172254028375
39.809234375870886,0.8085952306331001
39.812499753689174,0.808783023325377
39.812781251776954,0.8087992976320534
39.81323164871741,0.8088255651227356
39.81660962577081,0.809023419323394
39.823647077965404,0.8094399527448632
39.82449157222875,0.8094902297310207
39.82505456840432,0.8095238955978005
39.82601166190278,0.8095819276527835
39.8274191523417,0.8096676424372222
39.8341751064485,0.8100815962929908
39.83501960071185,0.8101337910779055
39.83974876858662,0.8104307968842761
39.84312674564002,0.8106500144945674
39.85359847450557,0.8113296132924812
39.86035442861237,0.8117686158260927
39.87837030623051,0.8129609345990816
39.88107268787323,0.8131398742061565
39.887828641980036,0.8135909764748483
39.88867313624338,0.8136476319218313
39.89092512094565,0.8137998551951695
39.893064506412806,0.8139453355750701
39.912769372557655,0.8152939071109425
39.91445836108436,0.8154095235157496
39.91513395649503,0.8154563765480285
39.91851193354844,0.8156908173143573
39.91873713201866,0.8157067371314417
39.93281203640784,0.8167062790393264
39.93343133220096,0.8167504346947935
39.93421952684675,0.8168066346502727
39.95955435474727,0.8186437350097843
39.9606803470984,0.8187268049408869
39.96349532797624,0.8189356527292904
39.964002024534246,0.8189744893039586
39.9640583241518,0.8189788592015225
39.97599384307382,0.8199113529484032
39.977682831600525,0.8200457338448316
39.97909032203944,0.8201578283185315
39.98218680100506,0.8204068725389497
39.983875789531766,0.8205433003926278
39.98950575128743,0.8209989925682417
39.99198293445993,0.8211998633244051
39.99845739047895,0.8217340797149931
40.001272371356784,0.8219694901588139
40.003693254911724,0.8221731385082018
40.049858941308216,0.8260740081517695
40.05211092601048,0.8262670784775556
40.06224485717069,0.8271430584123906
40.06674882657522,0.8275342707176839
40.077783551616335,0.8284976034893434
40.083413513372,0.8289892649514683
40.1312681882952,0.8331708994968059
40.14072652404472,0.8340049674118092
40.14140211945541,0.8340647526498376
40.142246613718754,0.8341395669807119
40.143597804540114,0.8342593068552725
40.14562459077216,0.8344404149260604
40.161501082923145,0.8358606823448904
40.169157830910855,0.8365464825938365
40.17028382326199,0.8366475937968495
40.182951237212244,0.8377990773965052
40.184640225738946,0.837953856914137
40.199841122479256,0.839350959173809
40.20017892018459,0.8393821505752053
40.212452236811956,0.840517576156535
40.21442272342644,0.8407009327587853
40.2233180630004,0.8415341836633502
40.23457798651174,0.8425915819223377
40.24020794826741,0.8431218435609206
40.246400906198645,0.8437057801959169
40.25028557981006,0.8440725032847766
40.25873052244356,0.844872447891736
40.2598565147947,0.8449791640845578
40.26210849949696,0.8451927251897381
40.26289669414276,0.8452675058988746
40.26543017693281,0.8455081559540469
40.28795002395549,0.8476501277247553
40.298872149761486,0.8486938895034712
40.30478360960494,0.8492610653297258
40.33574839926112,0.8522335245961016
40.337887784728274,0.8524394945631043
40.33845078090385,0.8524942741002874
42.12517544368321,1.026713567588481
42.14206532895022,1.0283657679228875
42.18361444670706,1.0324504540863828
42.185810131791776,1.0326663480875455
42.1911022958421,1.033187415156579
42.191946790105455,1.0332710933641411
42.1998287365634,1.0340533315644096
42.200954728914525,1.034165677089597
42.20326301323435,1.0343972378802797
42.20399490826259,1.034470744661382
42.218858007297555,1.0359663757713866
42.2229678793792,1.0363806981216548
42.22415017134789,1.036500844157017
42.22752814840129,1.036846873904926
42.231469121630255,1.0372505878623994
42.251455485862884,1.0392986596021445
42.25303187515447,1.0394605104212304
42.26569928910473,1.0407664950207296
42.38775685996765,1.0535727649160218
42.388601354231,1.0536616481076588
42.38967104696458,1.0537763563901381
42.39203563090196,1.054029997188153
42.392429728224855,1.0540724275585613
42.39693369762939,1.0545592326863968
42.39732779495229,1.0546018767583432
42.411402699341465,1.0561332771334153
42.422662622852805,1.0573670442545917
42.428067386138245,1.0579596706535026
42.454809704477675,1.0608952429436442
42.46212865476005,1.0616999160350777
42.46235385323027,1.0617247513573826
42.65320955674748,1.0827830635804705
42.67854438464799,1.0856061812588131
42.6806274704976,1.085839387985148
42.705962298398106,1.0886790980636738
42.70979067239196,1.0891082986371328
42.715420634147634,1.0897424282354709
42.72133209399109,1.0904110964595848
42.72639905957119,1.0909846025898537
42.73788418155276,1.092286828930122
42.74013616625502,1.0925446779647798
42.76378200562883,1.0952602188424858
43.503277482236065,1.1803469591101208
43.521293359854205,1.1824274779196806
43.75015130522218,1.2090749810626504
43.752459589542006,1.2093446767195624
43.773797144596,1.2118591751676795
43.7856200642829,1.2132596086125729
43.78674605663404,1.213393176202121
43.787309052809604,1.2134606690075487
44.7261614751851,1.3262283111440212
44.82716298908181,1.3384820293797566
44.83279295083749,1.3391677474217007
44.836959122536676,1.3396757219533486
44.83712802138935,1.3396963208656343
44.84061859767787,1.3401224543094508
44.84202608811678,1.3402943378138683
44.849119839928925,1.3411637809160653
44.851540723483865,1.341462193623763
44.860267164205155,1.3425383196860343
44.86600972519594,1.3432468891411231
44.884475999754535,1.3455289645529267
44.885827190575895,1.3456960367967126
44.89230164659491,1.3464981235542464
44.89370913703383,1.3466725960272743
44.903561570106255,1.3478977413255224
44.909754528037496,1.3486695582210682
44.91076792115351,1.348796430802429
44.91217541159243,1.3489727785891277
44.932443273912845,1.351535419832856
44.93835473375629,1.352284386910045
44.952711136233255,1.3541062341612156
44.95383712858438,1.3542497106884652
44.95924189186983,1.3549430168173708
44.959298191487385,1.354950273669578
44.96520965133084,1.35571242209613
44.99831382645418,1.3599908195551624
44.99915832071753,1.3600999666114049
45.00028431306866,1.3602468959815994
45.00118510694957,1.3603651412674627
45.0262384367623,1.363657265555443
45.03198099775309,1.364415018479732
45.18556635444775,1.384692882247995
45.1968262779591,1.386180267348534
45.20093615004073,1.3867246273490825
45.21782603530774,1.3889669975850374
45.22345599706341,1.3897164346792725
45.229085958819084,1.3904660425101067
45.230493449258,1.390653957284378
45.23415292439918,1.3911439555361707
45.23454702172208,1.3911974448137419
45.23651750833657,1.3914650394514287
45.24158447391667,1.392159317956433
45.24941012075705,1.3932316476075572
45.258699557653905,1.3945107137094352
45.260501145415724,1.394760222883843
45.26444211864469,1.3953062098821554
45.26782009569809,1.3957763257043765
45.269959481165245,1.396075783778834
45.28572337408112,1.3982902461538904
45.287693860695605,1.398568574135929
45.31021370771828,1.4017499850062904
45.31404208171214,1.4022914509172428
45.33093196697915,1.4047075382986387
45.331607562389834,1.4048045338143937
45.332283157800504,1.4049018342096395
45.348272249186614,1.4072113315001453
45.43609965257506,1.4199000079398203
45.445952085647484,1.4213246473417525
45.44679657991083,1.4214471270799873
45.44848556843753,1.4216924614386461
45.45186354549094,1.4221846596064494
45.46087148430001,1.4234979821105913
45.461265581622904,1.4235556123260134
45.46194117703358,1.4236544276008984
46.44155452252013,1.567113750792912
46.44504509880865,1.5676253008498113
46.45123805673988,1.5685371940288948
46.46041489440162,1.569894807811041
46.46508776265883,1.570587692316773
46.476347686170165,1.5722630478887125
46.49526435766922,1.5750806530021526
46.498923832810405,1.575626561111898
46.50500419150653,1.5765368388743466
46.5055671876821,1.5766211653109632
46.510634153262195,1.5773817577325457
46.5157011188423,1.5781481217956976
46.54103594674282,1.5819998914356561
46.55229587025415,1.5837121982503004
46.55297146566483,1.5838155827040161
46.55775693315715,1.5845479834878269
46.5791507878287,1.5878413360084762
46.583654757233234,1.5885356613715835
46.58782092893243,1.5891785473473945
46.59024181248736,1.5895524379665553
47.14529974197885,1.675477785249997
47.152224594938325,1.676555738635543
47.18065590180446,1.6809838391144667
47.181387796832695,1.6810988849461022
47.18206339224338,1.6812051724517687
47.18600436547234,1.6818259308634693
47.20176825838822,1.6843095670551502
47.202894250739355,1.6844875227464224
47.21606836124762,1.686571569046412
47.22817277902231,1.6884885292232445
47.22907357290322,1.6886313197938245
47.23245154995662,1.6891681891461712
47.23892600597564,1.6901977522229308
47.24905993713585,1.6918296407264541
47.26122065452809,1.693793271212483
47.26167105146855,1.6938664667604284
47.278617236353114,1.6966296744026717
47.27940543099891,1.6967582169988733
47.344600388129564,1.7074055879000258
47.34561378124558,1.7075715846520247
47.34927325638677,1.7081718891850457
47.35343942808596,1.7088588039923907
47.35721150246226,1.7094854522654825
47.37246869882013,1.7120331793182189
47.59164310996835,1.748635841539204
47.59614707937289,1.7493914042467928
47.62480358470925,1.7542176983440654
47.629589052201574,1.7550353248963833
47.645465544352554,1.7577495236009637
47.64574704244034,1.7577976566465776
47.646873034791476,1.7579914154461245
47.649406517581525,1.758427959433141
47.65362898889828,1.7591556846735246
47.65756996212725,1.7598362906747371
47.658132958302815,1.7599335369208196
47.67502284356983,1.7628756637434913
47.68042760685527,1.7638200725669906
47.686057568610934,1.764807565814
47.68802805522542,1.7651533037587948
47.707732921370265,1.7686165260875626
47.786045689391635,1.7823926837775381
47.79330834005645,1.7836712878035943
47.79432173317247,1.7838511653593798
47.83373146546215,1.7908481715406106
47.834744858578176,1.7910282193570375
47.83587085092931,1.7912292393062654
49.000372140472045,1.999412814757343
49.00994307545669,2.0011271937414574
49.011350565895604,2.001379663862108
49.01585453530014,2.002188268668816
49.01878211541309,2.002716759409904
49.030042038924435,2.0047525236755748
49.0322940236267,2.0051604507179586
49.04270945287469,2.007047716900722
49.04349764752048,2.0071911821512622
49.05475757103182,2.009246713148623
49.19134044322437,2.0342398193684876
49.20400785717462,2.036558717687316
49.20535904799599,2.0368061769752708
49.20654133996468,2.03702321055438
49.21160830554478,2.0379570827499625
49.21245279980813,2.0381132578923875
49.216506372272214,2.038862924454388
49.22129183976453,2.0397502899199544
49.22675290266753,2.040764867370474
49.230693875896506,2.041500479561708
49.23187616786519,2.0417213629193043
49.234691148743025,2.042247300198512
49.23671793497507,2.0426263969482243
49.244937679138346,2.0441653268695683
49.24527547684369,2.0442287459166155
49.279055247377705,2.050578314822758
49.28524820530894,2.0517434219120765
49.28721869192342,2.0521154387779594
49.2894706766257,2.0525422795257318
49.29419984450046,2.0534393304145167
49.29926681008056,2.054400517815404
49.30180029287061,2.0548872376437717
49.30602276418736,2.055699403687316
49.32882410929783,2.0601017319665504
49.32927450623828,2.0601887284858225
49.33096349476498,2.060515497240614
49.33152649094055,2.0606247649128626
49.331807989028334,2.0606798798190566
49.374032702195855,2.068958655774828
49.430219720517435,2.0800323985698728
49.434160693746406,2.080814369434443
49.44868599507603,2.0837019554063234
49.45375296065614,2.0847160554003636
49.45938292241181,2.0858430690181757
49.46416838990413,2.0868012850047934
49.4697983516598,2.087931345956757
49.474302321064336,2.088836433465766
49.48274726369783,2.0905345840771727
49.4954146776481,2.0930869092448705
49.588646844321985,2.1118922861821416
49.60835171046683,2.1158722047474288
49.62242661485601,2.118715749839758
49.62496009764606,2.1192293639480506
49.630590059401726,2.1203727124790706
49.6345310326307,2.121175238879354
49.64016099438637,2.122324337862234
49.6614422498228,2.1266716910427856
49.686777077723306,2.131861298295151
49.690718050952285,2.1326699085177476
49.69465902418125,2.133481468237935
49.70006378746669,2.1345980707919674
49.70895912704065,2.136442784751259
49.710985913272694,2.136864101494532
49.72365332722295,2.1394977243457807
49.72849509433283,2.140507673234154
49.73975501784416,2.1428677521070103
49.74651097195097,2.1442877775413405
49.904431399197506,2.1774929558921836
49.90527589346085,2.1776709987170797
49.9078093762509,2.1782056875040907
49.91169404986232,2.1790269316185924
49.928583935129325,2.1826274974096354
49.93027292365603,2.182988215632818
49.97086494791441,2.1916617671189442
49.987079237770736,2.1951366074039873
49.99102021099971,2.195982671723948
50.00115414215991,2.1981620285449064
50.01748103125136,2.2016735737389572
50.018044027426924,2.2017947053035196
50.020859008304754,2.2024017990925993
50.02198500065589,2.202645045116306
50.03082404061229,2.2045564149990162
50.04039497559694,2.2066271774349064
50.05762265856928,2.2103579776289264
50.06860108399284,2.21273738445415
50.0725420572218,2.2135946839324703
50.07282355530959,2.2136559231489614
50.073048753779815,2.2137053649797918
50.08622286428809,2.2166042657601985
50.09016383751705,2.2174758869416658
50.090332736369724,2.2175132504094552
50.09573749965517,2.218709049188277
50.09641309506585,2.2188587698852675
50.10091706447039,2.2198602299702754
50.10125486217573,2.2199355479672263
50.109699804809225,2.221819104653799
50.1153297665649,2.2230762651939244
50.11786324935494,2.223643417177056
50.12495700116709,2.2252320497390143
50.12619559275334,2.2255097352222046
50.13745551626467,2.2280350442206247
50.13830001052803,2.228224722749184
50.14843394168823,2.2305012387862444
50.15969386519957,2.2330336494658694
50.16780101012773,2.234858002274625
50.169489998654434,2.2352383398649103
50.17033449291779,2.2354287614747195
50.170615991005576,2.235492527614938
50.170728590240685,2.2355181176424854
50.17185458259183,2.235774346359426
50.1825515099276,2.238209584659005
50.24082161409878,2.251476428298259
50.26108947641919,2.256098797049286
50.274882882720576,2.259253258751685
50.28833849131663,2.262379038092424
50.28901408672731,2.2625359812645804
50.29948581559286,2.2649751853273012
50.303651987292056,2.2659461909160643
50.31068943948663,2.2675870419345903
50.322850156878886,2.270422645215769
50.3397400421459,2.2743676732037055
50.34019043908635,2.274472977793237
50.346833793958034,2.2760299693925337
50.35865671364495,2.27880174266351
50.36991663715629,2.2814419169993663
50.373294614209684,2.2822342389040804
50.3839352419279,2.284731135034193
50.43561829084495,2.296860516879495
50.43674428319609,2.2971276726186907
50.4570121455165,2.3019433067743678
50.460953118745465,2.302880073579782
50.4629799049775,2.3033619354246633
50.463655500388185,2.3035228041030855
50.46928546214385,2.3048639228055827
50.470861851435444,2.3052399112515385
50.49478918889704,2.3109670643291325
50.49647817742374,2.3113722936751273
50.497491570539765,2.31161641984334
50.49985615447714,2.3121863503512903
50.508864093286206,2.3143576922635805
50.551088806453734,2.3245745817448857
50.55266519574533,2.3249561646895724
50.558295157501,2.3263227964105635
50.56369992078644,2.327638459946155
50.573833851946645,2.3301061422803153
50.57569173932601,2.3305587559098764
50.57704293014738,2.330888810160574
50.57839412096874,2.331219045373447
50.5788445179092,2.3313291754523418
50.638465812901735,2.345960990657109
50.642463085748254,2.346945286355184
50.642800883453596,2.3470284944889
50.64674185668257,2.348001961954019
50.649556837560404,2.348700828840745
50.651527324174886,2.349191264806223
50.67044399567394,2.353911876640628
50.68958586564322,2.35870732126479
50.69020516143634,2.3588628839087593
50.69043035990657,2.358919494429203
50.69099335608214,2.3590611398799894
50.69521582739889,2.3601243001563526
50.700845789154556,2.3615432498472937
50.70253477768125,2.361970854520855
50.70900923370027,2.363614795223606
50.709853727963626,2.3638297905717014
50.727869605581766,2.3684202850758016
50.728151103669546,2.368492068041363
50.737722038654184,2.3709338385375407
50.74475949084878,2.3727391626308427
50.7546119239212,2.3752671743235227
50.75686390862347,2.375845415367035
50.76491475393408,2.3779180654965084
50.77172700765844,2.3796728339386983
50.77217740459889,2.3797891623356353
50.77808886444234,2.381317944449804
50.792951963477314,2.385174967966243
50.8003835129948,2.3871090068339633
50.8054504785749,2.3884296123991255
50.80657647092603,2.388723668156105
50.80702686786649,2.3888412979133227
50.810686343007674,2.389798683812715
50.82082027416788,2.3924545243309208
50.84671809824396,2.39924259989448
50.85516304087746,2.4014725098044645
50.867830454827725,2.4048274870048503
50.8785273821635,2.407665565938662
50.89063179993818,2.4108803855750183
50.992365208863134,2.437951831006391
50.99518018974097,2.4387015751775034
50.998839664882155,2.4396804670225287
51.00002195685085,2.4399972656108533
51.002442840405784,2.4406466383859113
51.01291456927133,2.443458019591655
51.0151665539736,2.4440626603940205
51.01651774479497,2.4444264186504405
51.01938902529035,2.4451999763210273
51.02164100999262,2.4458072257648995
51.07805322678443,2.461050153301909
51.07946071722335,2.461430705957231
51.08047411033937,2.461705263544678
51.084978079743905,2.462927260734473
51.0904391426469,2.464409853854411
51.09578760631479,2.465863021778513
51.10001007763154,2.4670116977361394
51.11689996289856,2.4716174275640608
51.12534490553205,2.473923334532624
51.14279778697464,2.478697745322857
51.144599374736444,2.4791910633320597
51.151073830755465,2.4809655381118434
51.1593498745363,2.483234177202532
51.172298786574345,2.486786405645072
51.19222885118941,2.4922550191363015
51.20123678999848,2.494726782058177
51.20703565060683,2.496320711537108
51.207598646782394,2.496475504476787
51.20956913339688,2.4970174463659904
51.22223654734713,2.5005032863963765
51.22477003013719,2.501200853432717
51.22758501101502,2.5019824946883986
51.25573481979336,2.509844159531912
51.259957291110126,2.5110244949256253
51.26299747045818,2.511875531190585
51.26806443603829,2.5132946559172633
51.27369439779395,2.514872486557845
51.290584283060966,2.5196130108720967
51.29734023716777,2.521512002130719
51.29874772760669,2.521907698958433
51.40003073959119,2.550390160151358
51.402845720469024,2.5511829854013075
51.40425321090794,2.5515795091771034
51.44929290495329,2.5642815574950735
51.45081299462733,2.564710383854359
51.454190971680724,2.565665580726173
51.45925793726083,2.5671000141892724
51.459314236878384,2.5671159576024345
51.48093329002016,2.573252469085892
51.49500819440933,2.57725913496553
51.50289014086727,2.5795121218081607
51.50795710644738,2.5809612420863477
51.5093645968863,2.5813641801044573
51.51217957776413,2.5821713412837006
51.51488195940686,2.582946671899578
51.51927332957628,2.584206740255833
51.53008285614716,2.587309695416111
51.53120884849829,2.58763326998272
51.53683881025396,2.5892561241825502
51.537514405664645,2.589450942570392
51.54933732535155,2.5928645514653033
51.55834526416062,2.595465997462587
51.56341222974072,2.5969301916163556
51.5757981456032,2.6005134132112993
51.58705806911453,2.603773100520167
51.589478952669474,2.604474785891463
51.59201243545952,2.6052109823871192
51.59623490677628,2.6064387971761906
51.6935769455318,2.6347729039851444
51.7002203004035,2.6367103962480427
51.704161273632465,2.6378601195746745
51.709284538830126,2.639354964048104
51.72870790688718,2.6450277576578256
51.740530826574094,2.6484847621404963
51.74334580745194,2.6493118443229178
51.752916742436575,2.6521289105967902
51.818730995360355,2.671536055950051
51.822165272031306,2.6725515007099263
51.835114184069354,2.6763872465427876
51.84293983090973,2.678707429575943
51.84361542632041,2.6789079469817265
51.844741418671546,2.6792425659546466
51.852679664747036,2.681602239783086
51.85633913988822,2.6826901583004266
51.85650803874089,2.682740439547259
51.85707103491646,2.68290805927396
51.857634031092026,2.683075831216842
51.85797182879737,2.6831766991210966
51.864727782904176,2.685198898082617
51.87148373701097,2.687226429918036
51.87204673318654,2.6873955475803752
51.87328532477279,2.6877685473392288
51.873848320948355,2.687938220987714
51.876663301826184,2.6887910377524076
51.87908418538113,2.6895248140935744
51.88077317390783,2.6900384899084315
51.88561494101771,2.691515970876467
51.88983741233446,2.6928090314379314
51.89884535114353,2.695569164283345
51.90053433967024,2.696087553645635
51.90729029377703,2.6981679340606184
51.91855021728837,2.701640005928989
51.92080220199065,2.7023347469746684
51.922209692429554,2.7027703385322708
51.96274541707038,2.715318368222949
51.970176966587864,2.7176230205171117
51.97496243408018,2.7191073749307857
51.97586322796109,2.719386816837049
51.98667275453198,2.7227432429342193
51.992471615140325,2.724544094484887
51.99371020672656,2.7249294798016077
52.01623005374925,2.7319478675577207
52.02073402315378,2.7333518572434574
52.03311993901626,2.737220349422435
52.04043888929862,2.739510606246544
52.043253870176464,2.7403949013970927
52.044098364439805,2.7406603135349505
52.04466136061537,2.7408372802995675
52.04972832619548,2.742434205181243
52.05513308948092,2.7441412646848193
52.056315381449615,2.744514767478941
52.06104454932438,2.7460100384839388
52.58592588380547,2.9120789596854064
52.605630749950315,2.9183358570970985
52.61126071170599,2.920124025309365
52.65759529695515,2.934861691860251
52.65815829313072,2.9350409758592475
52.662493363682586,2.9364220941620673
52.68388721835413,2.943245561944146
52.68951718010979,2.945054380533573
52.692219561752516,2.945923483384352
52.70460547761498,2.949908788008976
52.71755438965303,2.954079652954312
52.72881431316437,2.957710565974412
52.73557026727117,2.9598938949649116
52.74091873093906,2.961624191585818
52.74576049804893,2.9631927119758994
52.80757747812619,2.9832244573895075
52.81179994944294,2.9845933045637603
52.83037882323666,2.990623983459667
52.83150481558779,2.9909913151874656
52.886678440793354,3.0090028627271463
52.890732013257434,3.010327370239091
52.8946729864864,3.0116179442506006
52.896924971188675,3.0123558020972974
52.90238603409168,3.0141455746299584
52.97276055603754,3.037270738768928
52.99505520458999,3.0446105119490694
53.006315128101335,3.048324243780213
53.038180711638425,3.0588630301876174
53.039869700165134,3.059424641067243
53.04899023820931,3.062458553789107
53.05405720378942,3.0641470204616152
53.05546469422833,3.064616670414984
53.0850219934456,3.0745005202010596
53.13569164924663,3.0914660958580016
53.142447603353425,3.0937300309681355
53.14379879417479,3.094182909897085
53.14453068920303,3.0944283742157306
53.15297563183653,3.097261047413238
53.15398902495255,3.09760100533984
53.17369389109739,3.1042174893499626
53.177916362414145,3.105636696707742
53.18016834711642,3.1063939720352685
53.18242033181868,3.1071514088723493
53.19762122855899,3.112278494494232
53.199422816320805,3.1128867140824013
53.200042112113934,3.1130958510330804
53.204546081518465,3.1146174933356026
53.22706592854115,3.1222262305342916
53.232245493356366,3.1239803963276014
53.24237942451657,3.12741334270536
53.243618016102815,3.1278333785090937
53.24924797785848,3.129743486617424
53.253977145733245,3.1313498520935727
53.2700225367369,3.136802366861746
53.27948087248643,3.1400273410123565
53.296370757753444,3.145786491365193
53.29834124436793,3.1464652763898093
53.30126882448087,3.147475212726125
53.30171922142133,3.147630641109607
53.308418875910576,3.1499436245150627
53.31010786443727,3.1505285918030617
53.31038936252506,3.150626218150764
53.31067086061284,3.1507238890259597
53.31517483001738,3.1522871381664914
53.3165823204563,3.152775759999632
53.322212282211964,3.154732258416796
53.36612598390619,3.170011869408039
53.36618228352374,3.17003153427234
53.37462722615726,3.172986138318385
53.384198161141896,3.1763398010995676
53.38757613819529,3.1775270913463305
53.38785763628307,3.177626040443472
53.38875843016398,3.177942856524696
53.39664037662192,3.1807169025602966
53.42574727889874,3.19096530795828
53.440385179463476,3.1961360495999984
53.463186524573935,3.204208456919683
53.47726142896311,3.2092009561522423
53.49555880466904,3.215691311862395
53.498373785546875,3.2166912917054895
53.503159253039186,3.21839145094655
53.5132931841994,3.2219936032936416
53.520049138306206,3.224395535607106
53.52162552759779,3.224956327173239
53.52444050847562,3.2259598475355977
53.524665706945854,3.2260401418137388
53.52624209623744,3.226602992648306
53.52736808858858,3.227005710317631
53.5284940809397,3.2274089295344135
53.53074606564198,3.228215707889264
53.53305434996181,3.229044575615413
53.55416670654556,3.2366256951883874
53.555630496602035,3.237152890645755
53.55889587442032,3.2383293330202125
53.56835421016986,3.241739544859973
53.57229518339882,3.243163281136747
53.58242911455903,3.2468268035289474
53.5880590763147,3.248865985675283
53.5931260418948,3.250702310988845
53.608889934810676,3.256415445069277
53.61114191951294,3.257232808538098
53.61677188126861,3.259279322293212
53.62240184302428,3.2613271448275145
53.627468808604384,3.263174333951746
53.63360546691807,3.2654120835287093
53.63867243249817,3.267259829691453
53.65528081967739,3.273317335410386
53.68343062845574,3.283593838989205
53.68455662080688,3.2840049353488943
53.69863152519605,3.2891494093554727
53.709891448707396,3.2932672471374635
53.71056704411807,3.2935144432755368
53.72070097527828,3.2972242837902654
53.723515956156106,3.298256981122919
53.72492344659503,3.2987736244098933
53.8376915805611,3.340227876929242
53.90035305490169,3.363302966102765
53.95941135371868,3.3850910868905153
53.96222633459651,3.386130865635953
53.96785629635218,3.3882111985100423
53.987279664409236,3.3953986161049894
53.99853958792058,3.3995682210581593
53.9995529810366,3.399943544329028
54.00135456879841,3.4006110415532596
54.01036250760749,3.403950955529558
54.016555465538715,3.40625193434863
54.018694851005876,3.4070488251099547
54.019595644886785,3.407384655104277
54.03648553015379,3.413682622756178
54.068463712926,3.425612554517157
54.06880151063134,3.4257389488643866
54.07555746473815,3.4282706372565848
54.08794338060061,3.4329142823006054
54.09216585191737,3.4344975807457114
54.09317924503338,3.434877735441845
54.09683872017458,3.436251535087735
54.100779693403545,3.437732733612046
54.108886838331706,3.440790016368926
54.111138823033976,3.4416398428602
54.116881384024765,3.4438070580181903
54.12048455954839,3.4451695459287257
54.13596695437648,3.4510378845008636
54.16130178227699,3.460643367830744
54.16197737768768,3.4608995895418215
54.16591835091664,3.4623959881629354
54.167044343267776,3.462824777836851
54.16929632797004,3.463682594188574
54.17042232032118,3.4641119446464397
54.176671577869975,3.4664957052452183
54.179486558747804,3.4675707781845846
54.18483502241569,3.4696149570358927
54.18680550903018,3.4703690896736736
54.198178031776635,3.474722228182444
54.2004300164789,3.4755846524917366
54.20104931227202,3.4758219664963694
54.206116277852125,3.4777660820718586
54.21287223195893,3.4803585688713667
54.27395731700795,3.503813725281632
54.28015027493919,3.506196083270155
54.292536190801655,3.5109626337730258
54.29338068506501,3.511287783849695
54.30435911048856,3.5155153383846884
54.30717409136639,3.5166030439896434
54.31629462941058,3.5201278138188346
54.31764582023194,3.5206505396344374
54.32113639652045,3.5220018952970826
54.360320930339924,3.537172768217931
54.37017336341234,3.5409960229529456
54.38368527162595,3.5462449132246845
54.38503646244731,3.546770419861183
54.52601070480928,3.601630069681847
54.529670179950465,3.603054601913594
54.53670763214505,3.6057982589174307
54.547573458333495,3.6100376643911067
54.58135322886751,3.623273228833797
54.587546186798754,3.625700078594068
54.59486513708113,3.6285709913263755
54.596835623695604,3.6293453049146933
54.59852461222231,3.630010038770769
54.59908760839788,3.630232199065146
54.60415457397798,3.6322333407174288
54.61119202617256,3.6350135707729008
54.621325957332765,3.639017743468753
54.62160745542055,3.6391289977266275
54.62273344777169,3.639574474780753
54.62442243629839,3.640243377613169
54.6480682756722,3.649608046427022
54.75830292684821,3.6933019465951538
54.875912827924154,3.7399256563917342
54.87630692524705,3.740082474597727
54.877038820275295,3.740373777243101
54.8871727514355,3.7444077452768503
54.88858024187442,3.7449681873712755
54.90687761758034,3.752259142230066
54.92939746460303,3.7612373256640312
54.93333843783199,3.7628103199439265
54.94628734987004,3.7679793301348017
54.95979925808364,3.7733775940982586
54.965429219839315,3.775629626451863
54.96796270262936,3.776644203588498
55.00635904180303,3.7920521255494437
55.007879131477054,3.79266228978513
55.01519808175943,3.7956006788418892
55.141252925468876,3.8462209071018085
55.151105358541294,3.8501842764000633
55.152794347068,3.850863750072886
55.17981816349522,3.86173643591397
55.213034937853664,3.8751013259055833
55.21387943211702,3.875441589592042
55.220353888136046,3.8780540968889348
55.22401336327722,3.8795308894213365
55.22457635945279,3.879759157805706
55.22513935562836,3.879987448379708
55.22727874109551,3.8808550394030354
55.22896772962221,3.881540403924397
55.23234570667561,3.882912396904724
55.23273980399851,3.883072544795015
55.23696227531526,3.8847897579832926
55.23836976575418,3.8853623243182422
55.241466244719795,3.8866239380187655
55.24850369691438,3.8894971986283675
55.25019268544109,3.8901903175009247
55.25525965102119,3.8922738691011802
55.260889612776865,3.8945892145574925
55.265393582181396,3.8964446775167847
55.267927064971445,3.8974927523485907
55.271305042024856,3.898890323644464
55.27220583590575,3.899264219638724
55.27417632252024,3.900083341900371
55.284929549473574,3.904558640309716
55.31307935825191,3.9162853277363077
55.33841418615243,3.9268533007448045
55.34460714408367,3.929441407697719
55.35023710583934,3.9318077308414563
55.35080010201491,3.9320449400854525
55.35552926988967,3.934042275503942
55.68595172532993,4.0736708067849445
55.71123025361289,4.084364608575532
55.71320074022738,4.085199878741674
55.714608230666286,4.08579658259366
55.71911220007082,4.087707384960215
55.7314981159333,4.092979555858197
55.73234261019665,4.093339459412695
55.7365650815134,4.095144591732765
55.74219504326907,4.09756024382956
55.74557302032247,4.099010790562901
55.754017962955984,4.102639187845777
55.75598844957046,4.1034863695132895
55.80784039734018,4.125814540335753
55.812907362920285,4.128000847757666
55.81493414915233,4.128876531346908
55.81684833614925,4.1297043622550405
55.86239472675262,4.149403814051868
55.868024688508285,4.151839084512765
55.87365465026396,4.1542758901806005
55.87534363879067,4.15500976225268
55.878721615844064,4.156477832834238
55.884914573775305,4.159169583652698
55.977471145038514,4.199441415847799
55.98253811061862,4.20164811052005
55.984227099145315,4.202384605033911
55.99650041577268,4.207736821368605
55.9975138088887,4.208180382538473
56.00398826490771,4.211014899902453
56.00455126108328,4.21126139761819
56.02425612722812,4.219889720050913
56.0265081119304,4.220875919229885
56.0281971004571,4.22161729629575
56.040020020144,4.22681158649212
56.047338970426374,4.230027631436719
56.0571914034988,4.23436409512234
56.05944338820107,4.235356106256
56.06845132701014,4.239325679924379
56.07633327346807,4.242799588374658
56.127565925444664,4.265431817043411
56.17215522254957,4.285132895381405
56.1791363751266,4.28821998333694
56.186567924644095,4.291507670996615
56.20317631182331,4.298872368237983
56.21055156172324,4.302145605900647
56.21533702921556,4.30427024480706
56.220966990971235,4.3067737380583635
56.2249079642002,4.308526272845086
56.22772294507803,4.309778435485593
56.23459149841995,4.3128375423186895
56.23813837432602,4.3144189123049985
56.2471463131351,4.318438312253396
56.25981372708535,4.324095523103742
56.26178421369984,4.324976191672663
56.26685117927994,4.327240907345038
56.26707637775017,4.3273416092409285
56.273832331856966,4.330364047175203
56.28126388137446,4.333690903901112
56.2866686446599,4.336113898790813
56.28779463701103,4.336619055782606
56.296239579644535,4.340414013729774
56.3005746501964,4.342364553348
56.3090195928299,4.346165255728272
56.31464955458557,4.348701766346679
56.342686764128814,4.361333807147201
56.343306059921936,4.361612997113468
56.344600951125734,4.362197367624135
56.375565740781916,4.376173782611346
56.37809922357198,4.377318786983297
56.38085790483225,4.3785667890296
56.45404740765596,4.411687764948779
56.45545489809488,4.4123295335882435
56.46896680630849,4.418502133941548
56.4909236571556,4.42853270934727
56.492049649506725,4.429047309474396
56.50162058449138,4.433422906532574
56.50865803668596,4.43664197100927
56.53230387605978,4.447464077770916
56.53388026535136,4.448186122613105
56.53922872901924,4.450636935496507
56.55544301887557,4.458075152851096
56.55797650166562,4.459239561144798
56.55853949784119,4.459498839183274
56.56394426112663,4.4619963656258825
56.575485682725756,4.467333915185015
56.57649907584178,4.467803195721616
56.59338896110879,4.475652329160309
56.59451495345992,4.476176127617968
56.5951905488706,4.4764905291786645
56.597611432425545,4.477617252939952
56.615908808131465,4.486135414498217
56.654417746540254,4.504066728040698
56.72873324171509,4.53868743324193
56.73999316522643,4.543933345560536
56.77625011893295,4.560827778609132
56.82663827664619,4.584345565924564
56.82945325752402,4.5856605091828335
56.83795449977508,4.5896371609704545
56.838348597097976,4.589821642127938
56.85523848236499,4.597748614870109
56.85692747089169,4.598542044294474
56.85737786783215,4.598753787079633
56.864809417349626,4.602256069305208
56.86514721505497,4.602415284039154
56.86548501276031,4.602574548259519
56.86576651084809,4.6027072910661655
56.87117127413354,4.60525843570545
56.87387365577625,4.606534160654637
56.887948560165434,4.613211545762665
56.88963754869213,4.614013005102161
56.89008794563259,4.614226775994969
56.891101338748605,4.614707858241304
56.89757579476763,4.617784798526037
56.90770972592784,4.622601230336676
57.08837519866727,4.708488203565028
57.0982276317397,4.713183495258264
57.11793249788454,4.722574475525982
57.13200740227372,4.729284735603632
57.132457799214166,4.72949957208829
57.137524764794264,4.731917407305691
57.13881965599808,4.7325353817420135
57.140790142612566,4.733477412630423
57.14276062922704,4.7344195626760595
57.14630750513312,4.73611555216513
57.33350373350914,4.825714949269435
57.33969669144038,4.828680361291571
57.38372299236971,4.849815176926003
57.395827410144406,4.855631609187557
57.39931798643292,4.857310976634535
57.40072547687184,4.857988308293243
57.41536337743658,4.865034785774945
57.41930435066555,4.8669323711253885
57.42470911395099,4.86953541173971
57.43895291719283,4.876395559748235
57.44233089424624,4.878025213766957
57.44683486365078,4.880199526567468
57.46372474891778,4.888365078778004
57.60779547024537,4.958023708031758
57.62468535551238,4.966194473188414
57.636846072904625,4.972092360958675
57.64495321783279,4.976027532494646
57.650583179588466,4.978761990638348
57.661505305394456,4.984069139317471
57.672765228905796,4.989551045323691
57.67417271934472,4.990236690850332
57.67980268110039,4.992980167733403
57.68042197689351,4.993282057803547
57.68126647115687,4.993693996729816
57.68824762373389,4.9971060360572475
57.688698020674344,4.997326411174831
57.69263899390331,4.999258020760093
57.69348348816666,4.999672010427731
57.73401921280749,5.019565601732837
57.74347754855701,5.0242145148374595
57.75755245294619,5.031143687367211
57.7795093037933,5.04195706839646
57.78401327319783,5.044176903044228
57.7845762693734,5.044454982852174
57.79009363189396,5.0471952100156106
57.795554694796955,5.049911862331098
57.79955196764348,5.051900698807295
57.81700484908606,5.060601868214533
57.81925683378832,5.061727102186707
57.822634810841734,5.063421335870653
57.82871516953786,5.066471999894798
57.84183298042856,5.0730544037997225
57.85590788481774,5.08011719497072
57.85759687334444,5.08096575994623
57.86097485039784,5.082662976491373
57.86660481215351,5.085493120383694
57.86885679685578,5.086625521657999
57.91918865495147,5.1119473296521365
57.920033149214824,5.112372270908279
57.92059614539038,5.112655632077797
57.92076504424305,5.112740663708367
57.9216095385064,5.113165884124031
57.927520998349856,5.116142812668166
57.934164353221554,5.119494984417787
57.93585334174824,5.120348232119392
57.93709193333449,5.120974244192059
57.94519907826267,5.125072347744098
57.94604357252601,5.125500285033753
57.94942154957942,5.127212421533741
57.95223653045725,5.128641898810384
57.95645900177399,5.130787068281069
57.95871098647627,5.1319317165614216
57.959105083799166,5.1321321885416005
57.95938658188695,5.132275392087525
57.959893278444966,5.132533622145825
57.961469667736544,5.133337078931115
57.96597363714109,5.135633760532711
57.96963311228227,5.137501862187161
57.97301108933567,5.139227867355689
57.97329258742345,5.139371734874283
58.074519299790396,5.191112882638199
58.07789727684379,5.192845096938075
58.085497725213955,5.1967431312317025
58.09022689308871,5.1991697700873925
58.09416786631768,5.201195450698016
58.097376944518416,5.202846357229644
58.112859339346514,5.210812237817521
58.113140837434294,5.210957224551263
58.11437942902054,5.211596161678048
58.12732834105858,5.218280833813565
58.13419689440049,5.221828914713302
58.13504138866384,5.222265336362178
58.143542630914915,5.22665896390403
58.15480255442624,5.2324865851176305
58.16324749705976,5.23686017751825
58.164091991323104,5.2372981694209475
58.183796857467954,5.2475245273956554
58.18886382304805,5.250154897132146
58.19224180010145,5.251909237543734
58.19336779245259,5.252495017381975
58.19561977715485,5.253667562820363
58.1964642714182,5.254108463079326
58.19759026376934,5.254696629077452
58.19815325994491,5.25499079803084
58.203783221700576,5.257935815442987
58.2170136318264,5.26486066203219
58.21785812608975,5.2653027344196035
58.23981497693686,5.276802082614527
58.24994890809707,5.282125242275615
58.25738045761455,5.286031094253361
58.25878794805347,5.28677110307095
58.28902084268142,5.302667828482358
58.29724058684469,5.30699074858761
58.30500993406752,5.311078900010914
58.308669409208704,5.31300678638903
58.31429937096437,5.315980926929635
58.317677348017774,5.3177678380336175
58.31880334036891,5.318364463134156
58.35218901358004,5.336079202580581
58.35241421205025,5.336198850858424
58.36001466042041,5.340239559885003
58.360859154683766,5.340688532141632
58.37673564683475,5.349131282861736
58.39024755504836,5.356321785430571
58.40009998812078,5.361568861360148
58.40207047473527,5.362618394022194
58.417834367651146,5.371020854140513
58.423914726347256,5.374267574790216
58.4250407186984,5.374869140963544
58.42813719766402,5.376523581599265
58.42903799154492,5.377005288861131
58.44705386916307,5.386655335806199
58.45380982326988,5.390274830969393
58.46957371618574,5.398729627289944
58.47632967029255,5.402356268316288
58.48747699456878,5.408341667589537
58.493106956324446,5.4113675893654305
58.496991629935856,5.413456863153957
58.50036960698925,5.415275072673662
58.500594805459485,5.415396313986977
58.50791375574186,5.419340416942919
58.50858935115254,5.41970495987275
58.55306604902233,5.443718854555602
58.60598768952563,5.472294843133601
58.607113681876754,5.472902847519801
58.61218064745686,5.4756427626022095
58.61538972565759,5.477378079098778
58.63115361857347,5.4859035154878955
58.63453159562687,5.487730939064596
58.650295488542746,5.496266141879173
58.73192993399996,5.540470366997622
58.75107180396923,5.550868752029058
58.752197796320374,5.551480517485471
58.752648193260825,5.55172526607969
58.755463174138654,5.553256115854374
58.7582781550165,5.554791800332281
58.75855965310428,5.554945382593605
58.77207156131789,5.562319501776756
58.77601253454685,5.564471591049463
58.86755571269404,5.6144924713619915
58.86811870886961,5.614800231144595
58.869132101985635,5.615354320275028
58.91952025969888,5.642922251592028
58.93359516408805,5.650630527655317
58.94823306465279,5.65864925320237
58.953863026408456,5.661733681811032
58.95949298816413,5.664821949598219
58.969345421236554,5.670232609652724
58.97919785430897,5.675644201697199
58.992371964817245,5.682880750263425
58.993948354108824,5.683746901784229
58.99439875104928,5.683994381996179
58.995243245312636,5.684458573599404
58.99862122236603,5.6863164379171875
59.00025391127518,5.687214988793238
59.00734766308733,5.691119229538236
59.0214225674765,5.698865914073557
59.03211949481227,5.704759584253619
59.033583284868755,5.705566807142217
59.03555377148323,5.706654285766839
59.03696126192215,5.707431189454332
59.04050813782822,5.709390383275231
59.04276012253049,5.710634497410518
59.04309792023583,5.710821326340126
59.05858031506392,5.719389238994797
59.10497119993063,5.745070377912736
59.289183548576155,5.847078357516022
59.289633945516606,5.847327926646454
59.3412606948161,5.875940156089502
59.35871357625868,5.8856208861980805
59.36338644451589,5.88821617374394
59.36394944069146,5.88852890314516
59.36732741774485,5.890405486655655
59.368847507418884,5.891249999700923
59.37729245005239,5.89594346174847
59.380839325958455,5.897915276488217
59.38534329536299,5.900419861215808
59.399418199752176,5.908255702192185
59.39969969783995,5.9084125471936595
59.402233180630006,5.909826373019484
59.413493104141345,5.916111624108312
59.42306403912598,5.921455497810321
59.42419003147712,5.9220856567719355
59.42469672803513,5.922369583657123
59.430045191703016,5.925370397962719
59.434886958812896,5.928089785438589
59.442487407183044,5.93236530791281
59.45127014752188,5.9373064091207555
59.45464812457529,5.93920919348381
59.45633711310199,5.9401610028781
59.461122580594306,5.94285872981647
59.465063553823285,5.945081167687798
59.47744946968575,5.952069259451498
59.47863176165444,5.952738347657386
59.48032075018115,5.953694646697248
59.482009738707845,5.9546520637182905
59.486513708112376,5.957206823424154
59.48876569281465,5.958484727432578
59.49101767751692,5.9597647756342775
59.49186217178026,5.960244912902062
59.493269662219184,5.961045152887996
59.49608464309703,5.962646616738965
59.49721063544815,5.963287490993739
59.50385399031985,5.967074885364103
59.505824476934336,5.968198288017953
59.50824536048926,5.969582233791752
59.51094774213199,5.971128187500777
59.51956158361816,5.9760639605776955
59.52001198055862,5.976322542697703
59.52564194231429,5.979565525227761
59.56786665548181,6.003896099367047
59.58025257134428,6.011056828431919
59.58194155987099,6.012033684301389
59.58306755222211,6.012685092625841
59.58982350632892,6.01659420438896
59.5934829814701,6.018715078690669
59.59911294322578,6.02198143044103
59.60474290498144,6.025248872193566
59.60705118930127,6.0265888867606785
59.60761418547684,6.02691584331235
59.61268115105695,6.029858555076855
59.62202688757136,6.035291223878232
59.625404864624755,6.037255253172727
59.627656849327025,6.038566820276918
59.63204821949645,6.041124391604781
59.63869157436813,6.044997100338092
59.661774417566384,6.05846373037208
59.66785477626251,6.06201213123712
59.66869927052586,6.062505771514818
59.673203239930395,6.065140103471624
59.67387883534108,6.06553544257509
59.685645455410416,6.072422057074927
59.69881956591869,6.080132883536187
59.700508554445385,6.0811216335722476
59.70726450855219,6.085081238407719
59.708671998991115,6.085907280244984
59.71475235768724,6.089477713766758
59.72601228119857,6.096102911114267
59.73355642995117,6.100544391564817
59.737215905092356,6.1027001738341955
59.767561398955415,6.120616631888092
59.778821322466754,6.127275284927372
59.778990221319425,6.1273752171948495
59.77955321749499,6.127708410804851
59.78062291022857,6.128342502892462
59.78625287198424,6.131682584688464
59.8431154857165,6.165477219158474
59.84525487118366,6.1667487427590855
59.850884832939336,6.17009582256136
59.86242625453845,6.176958120491899
59.87368617804979,6.183655177400629
59.876219660839844,6.185162906202008
59.878471645542106,6.186506412003528
59.87931613980546,6.18701027853917
59.946875680873504,6.227332781790092
59.98628541316319,6.250890124861189
60.0003040179348,6.259272593980553
60.00649697586604,6.262978873219187
60.007904466304964,6.263821721267035
60.01128244335836,6.265848459830052
60.01297143188506,6.266862887316611
60.02040298140254,6.271331675443282
60.032225901089454,6.278452479338717
60.04911578635647,6.288625617869357
60.11059496872838,6.325752002957966
60.14212275456012,6.344796987428408
60.14662672396467,6.3475213924304
60.158449643651565,6.354675191016518
60.26755830247645,6.420803948114375
60.268233897887136,6.421213414462756
60.2755528481695,6.425652251604817
60.28793876403198,6.433167291982884
60.29216123534873,6.435729618557497
60.29441322005099,6.437097925679508
60.29469471813877,6.437269005705021
60.3183405575126,6.451640466245238
60.320311044127074,6.452838684814158
60.32132443724309,6.453455617092476
60.32532171008962,6.455890128121229
60.336131236660506,6.462478112257875
60.35302112192752,6.472775732790831
60.36540703779,6.480329109516851
60.36709602631669,6.481359830471642
60.373851980423495,6.485487129748732
60.37936934294406,6.488859202727128
60.382409522292114,6.490717340274226
60.39592143050573,6.49897623598822
60.39648442668128,6.499320450646108
60.413374311948296,6.509660640381866
60.415063300475005,6.510695646748138
60.4235082431085,6.515872034065046
60.45165805188686,6.533151259526021
60.461791983047064,6.539375921532624
60.46207348113485,6.539548874134521
60.46274907654552,6.539964801599874
60.46314317386842,6.540207981212507
60.46466326354245,6.541146127172113
60.49562805319864,6.56025844199469
60.49647254746199,6.560781080501016
60.52118807956938,6.5760817730365115
60.52569204897391,6.578873544848897
60.55035128146374,6.594182761187711
60.5508016784042,6.594462436340576
60.977383880631294,6.859350740177549
60.996807248688356,6.87142938058523
61.00271870853181,6.875106057910024
61.00953096225618,6.879344205576183
61.037680771034516,6.896861051804187
61.03852526529787,6.897386852699407
61.045562717492466,6.901769302441127
61.05119267924813,6.905277880219915
61.06301559893503,6.9126533272153345
61.0732058297128,6.9190107519357085
61.073937724741036,6.919467576019689
61.076189709443305,6.920873240992878
61.09848435799575,6.9347948721196335
61.140934269633505,6.961303493495083
61.142060261984646,6.962007540044003
61.156135166373815,6.9708118542774145
61.18428497515216,6.988430538133252
61.3665268371832,7.102801186703318
61.36973591538393,7.1048171451584095
61.376491869490735,7.109067978618709
61.377167464901405,7.109493092818354
61.43205959201919,7.144044310143858
61.4334670824581,7.144930259164238
61.4397163400069,7.148870820246094
61.44027933618247,7.149226009234
61.441405328533605,7.149938953869041
61.442925418207636,7.150901552500587
61.44320691629542,7.1510799328808785
61.4480486834053,7.15414902095701
61.449174675756424,7.154863255240586
61.45001917001978,7.155398940691607
61.45114516237091,7.15611382523878
61.45598692948079,7.159191217784781
61.456549925656354,7.159549076889076
61.45812631494795,7.1605521828352225
61.46037829965021,7.161987640512001
61.4678098491677,7.166727126572245
61.47017443310507,7.168235745871987
61.47524139868518,7.171474593127665
61.487402116077426,7.179251770305578
61.5014770204666,7.188253889246687
61.50232151472995,7.188795368252052
61.50840187342608,7.192694580520998
61.53807177187846,7.211733004623013
61.54032375658072,7.213178073183444
61.54707971068753,7.217513973400591
61.59324539708402,7.2472138535449036
61.60450532059536,7.254460688708994
61.606813604915175,7.255946814150419
61.61525854754869,7.261386234573106
61.61610304181203,7.261930893996225
61.617792030338734,7.263020334299678
61.625223579856225,7.267819103507923
61.62944605117298,7.270545921762969
61.65196589819565,7.285110040031606
61.652810392459,7.285656242004412
61.657314361863534,7.288570374569184
61.66136793432763,7.2911946815591735
61.66418291520546,7.293019744005545
61.6754428387168,7.300325973181305
61.678539317682414,7.302338171934669
61.7179490499721,7.327979643791077
61.71991953658659,7.329262133006094
61.72008843543926,7.329372265612542
61.75341780903282,7.351105245279128
61.771433686650965,7.362858916674848
61.78832357191798,7.37388013509821
61.82035805430773,7.394797352358856
61.823004136332905,7.396525850194968
61.832012075141975,7.402412973269736
61.836234546458726,7.405173246495971
61.83657234416407,7.405394092142578
61.83888062848389,7.406904067131611
61.84969015505478,7.413980352229833
61.85813509768828,7.4195154353207835
61.85869809386385,7.419884605705677
61.86095007856611,7.421361965924911
61.86956392005229,7.427013384653272
61.870408414315634,7.4275682129797005
61.89067627663605,7.440886288933981
61.89292826133832,7.442366146186997
61.90463858179012,7.4500669427602615
61.908354356548855,7.4525131263168465
61.911056738191576,7.454292744420632
61.9448365087256,7.476589409921669
61.953281451359096,7.482164543212442
61.95553343606137,7.483652317286175
61.956209031472056,7.484098738641897
61.95817951808653,7.48540204627461
61.97394341100241,7.495836514938279
61.97478790526576,7.4963961089525215
61.97664579264514,7.497627708825148
61.98677972380534,7.504358355580522
61.98863761118471,7.505592896096546
61.98908800812516,7.505892233358626
61.991339992827434,7.507389212094163
62.02371227292252,7.528937146490139
62.02416266986298,7.5292369493895155
62.028103643091946,7.531860583878148
62.04499352835896,7.543107276809725
62.12156100823607,7.59410502985224
62.1260649776406,7.597105898163095
62.14013988202978,7.606488988677176
62.14712103460681,7.6111442614246165
62.15162500401134,7.614148907081534
62.168514889278356,7.625421120890091
62.17695983191186,7.6310580715193534
62.18304019060798,7.635118028361368
62.19711509499716,7.644517827440642
62.215130972615306,7.656550097758069
62.22639089612664,7.664070642356663
62.22706649153732,7.664522588837855
62.23708782346241,7.671228556090657
62.2373693215502,7.671416936179511
62.27227508443535,7.694796426696798
62.281564521332214,7.701020099005551
62.29169845249242,7.707809963983443
62.314893894925774,7.723351422057564
62.317033280392934,7.724784956543121
62.318159272744055,7.725541784997035
62.31900376700741,7.726109939521594
62.319848261270764,7.726678141399108
62.32069275553411,7.727246581029743
62.34107321708964,7.740966277256107
62.34141101479498,7.741194001397986
62.35041895360405,7.747268320027777
62.36280486946653,7.7556256533434205
62.368660029692414,7.759577326648465
62.39174287289067,7.775178595081389
62.400413013994395,7.7810410164134485
62.40604297575006,7.784848539484379
62.41617690691027,7.791702256481674
62.41966748319878,7.794064003236441
62.424171452603325,7.797113696768607
62.42586044113002,7.7982574481197195
62.43149040288569,7.802070113816074
62.44950628050384,7.8142759001982505
62.47174462943873,7.829345524494211
62.52883244164123,7.868044140715859
62.53829077739075,7.874457042628456
62.55095819134101,7.883050741969387
62.552928677955485,7.884388537257557
62.554899164569974,7.885727702297678
62.55540586112799,7.886072547025333
62.563006309498135,7.8912460142525624
62.56582129037598,7.89316212515645
62.56722878081489,7.894121115698832
62.569199267429376,7.89546440084945
62.57145125213165,7.897000245344178
62.587158845429954,7.907715804306907
62.59278880718563,7.911559625028562
62.620938615963986,7.930778936671263
62.63259263679822,7.938738931302386
62.64520375113092,7.947359555388367
62.6454852492187,7.947552006580143
62.64970772053545,7.950439712863842
62.64998921862323,7.950632272532747
62.66113654289946,7.9582592815106015
62.66873699126961,7.963460064638821
62.67521144728864,7.9678913311095405
62.67718193390313,7.969240051923254
62.6878788612389,7.97656599754239
62.72334762029962,8.000859898175683
62.76596643079003,8.030064000116019
62.768218415492306,8.03160722254072
62.77835234665251,8.03855445336966
62.78060433135477,8.04009829001593
62.78904927398828,8.045891052641597
62.78933077207607,8.04608421725972
62.796086726182864,8.050721473434741
62.79693122044622,8.05130142989463
62.8009847929103,8.054085438254075
62.802673781437,8.055246014740332
62.803518275700355,8.055826816681755
62.81815617626509,8.065905613648768
62.82237864758184,8.068814836771782
62.83251257874205,8.07580338044948
62.83301927530006,8.07615281326753
62.834145267651195,8.076929478671856
62.84343470454805,8.083338432250411
62.844842194986974,8.084310311144092
62.847094179689236,8.085865500521795
62.84754457662969,8.086176904969115
62.8509225536831,8.088513296880093
62.851710748328884,8.089058572463296
62.88064875175303,8.109085172149793
62.88132434716371,8.109552756254027
62.884589724982,8.11181368938707
62.889938188649886,8.11551912314442
62.894723656142205,8.118836698008595
62.89528665231777,8.119227100827636
62.90080401483833,8.123056634762161
62.90232410451235,8.124112241892176
62.91358402802369,8.131933501410273
62.919213989779365,8.135844202555583
62.92062148021829,8.136824011264219
62.92715223585487,8.141370843424859
62.938412159366194,8.14921076689763
62.94094564215625,8.150977143973567
62.94111454100892,8.15109492162766
62.941790136419606,8.151566055252125
62.943366525711184,8.152665972833923
62.95631543774923,8.161702440429647
62.99685116239006,8.190014514714244
63.00124253255947,8.1930830269128
63.00433901152509,8.195247834967462
63.0077169885785,8.197610642933666
63.04825271321932,8.225972414312693
63.058386644379524,8.233063351835547
63.060920127169574,8.234836488432371
63.06289061378406,8.236216227870244
63.06345360995963,8.23661050081114
63.068351676687065,8.240049671500993
63.06919617095041,8.240642869033268
63.07595212505721,8.24539198881886
63.07876710593505,8.247372765328945
63.07989309828619,8.24816548616746
63.09194121644332,8.256652479128533
63.10173734989818,8.263553394151101
63.104270832688236,8.265338738963536
63.11271577532174,8.27129727706495
63.14480655732906,8.29396677404401
63.164511423473904,8.307912260841526
63.175489848897456,8.315682803859742
63.1766158412486,8.316479894542203
63.180106417537104,8.318950949909617
63.184047390766075,8.321742239332162
63.18472298617676,8.322221007614276
63.18517338311721,8.322540208866025
63.19643330662855,8.330534765694738
63.20724283319944,8.338233776720145
63.212872794955096,8.342246980743118
63.22131773758861,8.348272420938516
63.24462577925708,8.364905334305229
63.24479467810975,8.365025958121471
63.24513247581509,8.365267247419743
63.24952384598451,8.368410960702297
63.25008684216008,8.368814252750372
63.252113628392124,8.3702672052487
63.25751839167757,8.374148155880414
63.26483734195993,8.379407358102826
63.27412677885679,8.386085999034993
63.276941759734626,8.388112228951302
63.30678055703968,8.409593358510557
63.32085546142885,8.419737500953314
63.322319251485325,8.42079415510044
63.32344524383646,8.421607265949334
63.34709108321027,8.438685596107156
63.3738334015497,8.458004619290298
63.374790495048174,8.458696658592824
63.393087870754094,8.47192955270013
63.41076595066689,8.484719510792312
63.41498842198365,8.487775123282143
63.41892939521262,8.49062902061523
63.423771162322495,8.49414003699984
63.425741648936985,8.495570566065185
63.42630464511254,8.495979596817026
63.43643857627275,8.503343226220633
63.43700157244832,8.503752402978005
63.438972059062806,8.505185202768867
63.450231982574145,8.51337361273819
63.45360995962754,8.515833223460234
63.45529894815425,8.51706319739303
63.47218883342125,8.529367554550628
63.476411304738015,8.532447235384375
63.478606989822715,8.534049397081224
63.480408577584534,8.53536471998584
63.4809715737601,8.535775846796154
63.48603853934021,8.539478726016767
63.49234409650655,8.54408826728886
63.49634136935308,8.547010488308041
63.504786311986585,8.553187023408622
63.50720719554152,8.554957903082508
63.51790412287729,8.562783534372002
63.55027640297239,8.586486907391233
63.55095199838308,8.586982103019075
63.55922804216391,8.593050214306977
63.56570249818293,8.59779739112836
63.566828490534064,8.59862303249668
63.57409114119888,8.603950539698992
63.574935635462225,8.604570202144386
63.59464050160707,8.619054644972902
63.60680121899932,8.627994524738538
63.615527659720605,8.634412088625796
63.6865214774596,8.686640018268974
63.687647469810734,8.687469397762186
63.70453735507775,8.699911130354462
63.73268716385609,8.720660881504568
63.73302496156143,8.720910109735453
63.74315889272164,8.728390537870403
63.74783176097885,8.731840144115422
63.75616410437724,8.737999308819793
63.75689599940547,8.738540619279096
63.75993617875354,8.740789282094994
63.760780673016896,8.741414385992835
63.7742925812305,8.75141874532807
63.782737523864,8.757673932591176
63.786115500917404,8.760177869787894
63.79174546267308,8.764352017596472
63.795123439726474,8.766856816125078
63.80356838235998,8.773122078474293
63.88801780869503,8.835787816653431
63.903781701610896,8.847488687739242
63.97443772164456,8.899957935488395
63.976971204434605,8.901840618931146
63.97725270252239,8.902049848907787
63.99808356101837,8.917572986682867
63.998646557193936,8.917992583821201
64.01272146158311,8.928486609935065
64.01373485469914,8.929242593255369
64.04171576462481,8.950121039208504
64.05747965754068,8.961898911771476
64.05860564989182,8.962741100360008
64.06986557340316,8.971163615995906
64.11209028657069,9.002749308229937
64.11659425597523,9.006120381753542
64.13770661255897,9.021934208077926
64.1379318110292,9.022102965147239
64.14525076131157,9.027589048809096
64.32332645164341,9.161092595702986
64.32422724552433,9.161768539446763
64.36318658087356,9.19102340832933
64.36645195869184,9.193475772326307
64.95619045259825,9.636386455857165
64.97026535698744,9.64697140458618
64.97871029962093,9.653322947743263
64.97955479388429,9.653958120084496
64.9964446791513,9.666672186356221
65.00207464090695,9.670915500571219
65.00460812369701,9.672825435569436
65.00590301490082,9.673801757727517
65.0064660110764,9.67422636256083
65.0165999422366,9.681881390930503
65.01744443649994,9.682519887809567
65.01913342502664,9.683796883765055
65.01969642120221,9.684222822982234
65.02194840590448,9.685927531328568
65.03151934088912,9.693177007345403
65.04137177396154,9.700643082822634
65.04700173571722,9.704909983701224
65.04717063456988,9.70503806647886
65.05437698561714,9.710504460334295
65.06563690912847,9.719060060631955
65.06648140339183,9.71970177690249
65.06783259421319,9.720728558268837
65.07188616667727,9.723809640696983
65.07329365711618,9.72487969212245
65.07599603875892,9.726934453005574
65.08781895844582,9.735934966806791
65.22130535167274,9.837656247648004
65.22524632490172,9.84066202269173
65.2289058000429,9.84345450080151
65.23791373885197,9.850329031532736
65.23847673502755,9.850758863033967
65.2554229199121,9.863699624159587
65.27062381665242,9.875321573373661
65.27163720976843,9.876096371996379
65.30203900324905,9.899351774315567
65.30429098795132,9.901074598728323
65.31594500878556,9.909990482082307
65.36492567605988,9.94747675821199
65.376467097659,9.956319922906607
65.38716402499477,9.964516994871039
65.3877833207879,9.964991922238218
65.38919081122681,9.96607164262376
65.39954994085726,9.974041236080975
65.40630589496405,9.979240018851062
65.41531383377313,9.986173617669808
65.42206978787993,9.991376103724567
65.431077726689,9.998316462860661
65.46114172246428,10.02149483725659
65.46187361749251,10.022059689910085
65.46677168421995,10.025844523608436
65.49379550064717,10.046747420245659
65.54947582241074,10.089871856387148
65.55099591208476,10.09104929388015
65.55549988148931,10.094538083260861
65.56957478587849,10.105443222743652
65.58421268644322,10.116784786131849
65.59547260995457,10.12551996964269
65.62249642638177,10.146498577358617
65.62615590152296,10.149340792075346
65.62767599119698,10.150521639553409
65.62885828316568,10.151441372582495
65.63448824492136,10.155830160503871
65.6353327391847,10.156488834624257
65.6357268365076,10.156796709464848
65.63690912847629,10.157720435109631
65.63944261126635,10.159703246164987
65.64101900055793,10.160937651524906
65.64152569711594,10.161334600994683
65.65165962827615,10.169275650429373
65.65306711871506,10.17037861291404
65.65982307282187,10.175675259155199
65.66489003840196,10.179653363020398
65.67586846382552,10.188279498589754
65.68583349613306,10.196111940709317
65.69146345788873,10.200549386442386
65.71004233168244,10.215203666464602
65.71285731256027,10.21742430210924
65.7156722934381,10.219646544912035
65.73678465002187,10.236318092328741
65.73875513663636,10.237875387134537
65.74157011751419,10.240100266579434
65.7458488884485,10.243482642300203
65.7630202718033,10.257063202103394
65.76611675076892,10.259512810251856
65.79314056719613,10.2808929110479
65.79426655954727,10.281784899428509
65.97600172502028,10.426237822035143
65.99401760263842,10.440561922645768
65.99790227624985,10.443651341728394
66.00128025330324,10.446338492027774
66.0021247475666,10.447011500829356
66.01180828178634,10.454729919616296
66.01518625883975,10.457423129320304
66.0177197416298,10.459443607388463
66.01788864048247,10.459578432038736
66.01817013857026,10.459803314685749
66.04350496647076,10.480043332533052
66.05121801407603,10.486206832301102
66.05752357124238,10.491249285698588
66.05836806550573,10.491925048641143
66.06287203491027,10.495530935148258
66.0677701016377,10.499455160256845
66.07987451941239,10.509160664576843
66.08071901367573,10.50983792774361
66.10250696567019,10.527323975936415
66.1027321641404,10.527504725542553
66.1047026507549,10.529086788440669
66.10554714501824,10.529764989517046
66.11737006470516,10.539264818200381
66.14270489260566,10.559628005630321
66.25260174607634,10.64796240240802
66.26160968488541,10.655207569139447
66.27286960839675,10.664271451475642
66.27320740610209,10.664543722391592
66.27602238697993,10.666814373329089
66.2799633602089,10.669993558068908
66.29600875121255,10.682938537089802
66.29882373209038,10.685210748264511
66.31188524336355,10.69576745168932
66.31227934068644,10.69608602592757
66.32353926419778,10.705203451225955
66.43946017674702,10.799081390249867
66.4400231729226,10.799537402926864
66.45330988266596,10.810303609243094
66.46946787290474,10.823397519014742
66.47160725837189,10.82513203857435
66.47385924307416,10.82695854168323
66.51439496771499,10.85983594337235
66.51833594094396,10.863033145205533
66.52678088357746,10.869892987131207
66.53804080708879,10.879044271743826
66.53826600555902,10.879227520509792
66.55008892524593,10.888848166774812
66.55037042333372,10.889077270578856
66.55318540421155,10.891368504632357
66.55712637744053,10.89457909340253
66.55853386787943,10.895725866920875
66.5587027667321,10.895863645197688
66.70947314254894,11.018891342284276
66.7136956138657,11.022337366371401
66.74139502570358,11.044943619723089
66.74533599893256,11.04816128014893
66.74578639587301,11.048529423725888
66.74623679281346,11.048897575112788
66.74679978898904,11.0493581754865
66.78784221018786,11.082981255651427
66.81891959907917,11.108460842020666
66.83468349199504,11.121386121543969
66.83502128970038,11.121663103139271
66.8429032361583,11.128128547992814
66.84515522086059,11.129975886276789
66.85236157190784,11.135889178206646
66.86080651454135,11.142819966717013
66.86148210995204,11.143374519607637
66.91215176575305,11.184973576583637
66.91333405772174,11.185944235813595
66.9135029565744,11.18608294133071
66.91868252138963,11.19033660515595
66.93748659365357,11.205797453701512
66.947845723284,11.214331638197411
66.94869021754735,11.215027364681413
66.95713516018085,11.221985156453886
66.97121006457003,11.233585124992635
66.97182936036316,11.234095835048494
66.98055580108444,11.241292610938105
66.98562276666455,11.245471650504227
66.98601686398744,11.245796772030996
66.9885503467775,11.247887288871667
66.98995783721641,11.249049288204608
66.99277281809425,11.251373918129396
66.99755828558656,11.255331465077116
66.9986842779377,11.256262796140023
67.00769221674678,11.263714404940064
67.00994420144903,11.26557844989037
67.04558185936243,11.295077166410993
67.04895983641583,11.297873482867015
67.05909376757604,11.306265252758642
67.06021975992718,11.307198470244732
67.0604449583974,11.30738514934869
67.06269694309967,11.309254483750271
67.09647671363368,11.337303638869102
67.10773663714502,11.346667360905288
67.10942562567172,11.34807226121936
67.1201225530075,11.356976038803824
67.12068554918307,11.357444843018914
67.13138247651884,11.366353933626558
67.14039041532791,11.373866247744925
67.14084081226837,11.374242196160928
67.14928575490187,11.381296066784207
67.15491571665754,11.385999042014502
67.15671730441936,11.387504471775918
67.1587440906514,11.389198859452835
67.17844895679623,11.40567240690059
67.17889935373668,11.406049255143687
67.1822773307901,11.408875830637387
67.1933120558312,11.418114383997139
67.19353725430143,11.418303099288684
67.19376245277165,11.418492057660236
67.24161712769485,11.458672259621693
67.24251792157577,11.459428953083894
67.25434084126266,11.469363936457166
67.25439714088022,11.469411257045788
67.26340507968929,11.476983700205396
67.26351767892442,11.477078470581395
67.27477760243575,11.486557838812859
67.29166748770275,11.500796500986397
67.29194898579054,11.50103392069811
67.30039392842404,11.508162468513179
67.30405340356523,11.511252662575169
67.3047289989759,11.511823462759843
67.3051230962988,11.512156461058293
67.32876893567263,11.532153109177317
67.34847380181746,11.548826191251347
67.35888923106546,11.557640451172315
67.38140907808813,11.576716351769353
67.38816503219493,11.58244377749944
67.38985402072164,11.58387664197192
67.39154300924834,11.585310471293838
67.39942495570628,11.592004268806537
67.41631484097329,11.606350262063428
67.41806012911753,11.607832928241583
67.42256409852207,11.611661873446739
67.43663900291126,11.623627464836726
67.43810279296773,11.624872397926925
67.44654773560124,11.632057529902431
67.4487997203035,11.633973930304146
67.45009461150731,11.635075953609435
67.45966554649195,11.643230482477612
67.46135453501864,11.64466977930085
67.46754749294988,11.649947762824672
67.47120696809107,11.653067472325782
67.47458494514447,11.655947357905717
67.47481014361469,11.656139431442721
67.48325508624819,11.663345783568916
67.50166506118924,11.679066173871774
67.62552421981397,11.784859633824622
67.7014161042804,11.849734024742615
67.70299249357198,11.85108240728241
67.71425241708333,11.860723485646322
67.71565990752225,11.86192871118834
67.71847488840008,11.864339227458354
67.73874275072049,11.88170312885768
67.74493570865174,11.88701308119053
67.7488766818807,11.890396075384988
67.74921447958604,11.890686238733103
67.77173432660872,11.910035920991856
67.77212842393162,11.910374585714523
67.78310684935516,11.919816723700405
67.78378244476585,11.920398103729408
67.78772341799481,11.92378997119327
67.81587322677318,11.94806468069796
67.8203771961777,11.951948764972592
67.82122169044106,11.95267730945733
67.82206618470441,11.953405871159077
67.82223508355708,11.953551603191682
67.83912496882408,11.968127740880034
67.83996946308744,11.968857225238423
67.84672541719424,11.974693429610339
67.84700691528202,11.9749369251728
67.84785140954538,11.975667424539647
67.85488886173997,11.981757442077107
67.8556207567682,11.982391306746997
67.86969566115737,11.994585162381293
67.87712721067486,12.001024459010264
67.89767657108305,12.018833775521701
67.90758530377303,12.027424598061515
67.91940822345994,12.037692517089486
67.92819096379878,12.045320476265292
67.93607291025671,12.052167143716835
67.94722023453295,12.061855714126336
67.94935962000011,12.063715498730488
67.9510486085268,12.065185635749694
67.95667857028246,12.070086556121261
67.97841022265936,12.089023506085978
67.98009921118606,12.090495473315844
67.99698909645306,12.105224792608176
67.99755209262864,12.105715855285284
67.99800248956909,12.106108726458361
67.99828398765688,12.106354293629233
67.99918478153778,12.107140413616788
68.0005922719767,12.108369154663077
68.00199976241561,12.109598460759116
68.00672893029038,12.113729387928482
68.00926241308044,12.115942866035475
68.0099380084911,12.116533365365061
68.02401291288028,12.128836509771197
68.0338653459527,12.137458991057787
68.0506426319846,12.152152575246982
68.05345761286243,12.154619285619736
68.054020609038,12.155113000537595
68.05599109565249,12.156842297192833
68.05700448876851,12.157731710098652
68.05936907270589,12.159809164282322
68.05981946964634,12.160204902156037
68.0602698665868,12.160600840918175
68.06083286276237,12.16109586659293
68.0619588551135,12.162086252448026
68.07884874038051,12.176942450536366
68.09010866389184,12.18684989998225
68.09061536044986,12.187295855592778
68.10469026483904,12.199683882977887
68.10722374762909,12.201914144610697
68.10806824189243,12.202657723606752
68.10840603959777,12.202955179581505
68.11910296693354,12.212377553608436
68.13576765373033,12.227062269501847
68.16279147015754,12.250894837520335
68.17427659213911,12.261030539096538
68.17849906345586,12.264758430245195
68.18187704050926,12.267740830346508
68.18891449270386,12.273954295860483
68.19735943533736,12.281414064343222
68.19752833419003,12.281563304109024
68.19837282845339,12.282309573638528
68.22010448083026,12.30152496059018
68.22686043493707,12.307500628907983
68.22736713149507,12.307948874942651
68.26463747831761,12.340928192277202
68.2804013712335,12.354887399526659
68.28152736358462,12.355885172435137
68.28422974522735,12.358281370208415
68.29132349703949,12.364571647005418
68.29329398365397,12.366320027460874
68.30140112858213,12.373515895527541
68.30168262666992,12.373766175043817
68.3023582220806,12.374367744585427
68.30370941290195,12.375571031252854
68.30472280601798,12.376473884270448
68.30511690334087,12.37682505950926
68.31412484214995,12.384875106704007
68.32876274271469,12.397980002924026
68.34846760885954,12.415625767996904
68.36676498456546,12.432011282581646
68.37093115626466,12.43574468320558
68.37273274402646,12.437359183487779
68.38680764841565,12.449979589838762
68.40369753368265,12.465124134828212
68.40758220729407,12.468609678063599
68.41602714992757,12.476192062303939
68.42306460212215,12.482513095179819
68.42475359064886,12.484031476447587
68.4802087139422,12.533889781572565
68.48583867569788,12.538954345705235
68.49709859920921,12.549086945496827
68.49929428429394,12.551064585473984
68.52237712749218,12.571855869796961
68.53526973991265,12.583481504078053
68.53639573226378,12.584496869157844
68.54371468254617,12.591097044347505
68.54596666724842,12.593129812377038
68.54624816533621,12.593384268444938
68.54630446495376,12.593435174094603
68.5508084343583,12.597508043100927
68.55165292862165,12.598271707450653
68.55182182747433,12.59842466710633
68.5540738121766,12.600464302691464
68.55508720529262,12.601382496180255
68.56313805060323,12.608677859229827
68.57073849897337,12.615566082790606
68.5709636974436,12.61577036278156
68.57771965155041,12.621901302325881
68.58211102171983,12.625888219348377
68.58250511904272,12.626246178665426
68.5965800234319,12.639041481845773
68.5982690119586,12.640578270607975
68.60277298136313,12.644677321724243
68.6033359775387,12.64518992768646
68.60502496606541,12.646727965279641
68.60603835918143,12.647650971335137
68.6201132635706,12.660482670755382
68.62951529970258,12.669058296039129
68.63007829587814,12.66957222139053
68.64696818114514,12.684998354704291
68.6532737383115,12.690759015507355
68.66903763122737,12.705168542478443
68.67297860445633,12.70877354944426
68.67534318839373,12.710936656293201
68.6894180927829,12.723814068401959
68.69279606983629,12.726910056989949
68.69701854115306,12.730782838869267
68.71390842642006,12.746274831444735
68.72207187096578,12.753766173681152
68.72488685184362,12.756352839775992
68.74605550804493,12.775842774857002
68.74718150039607,12.776879602676983
68.74971498318612,12.77921582266549
68.7519669678884,12.781292754203418
68.75478194876622,12.783889288855027
68.95610938114898,12.96961027236187
68.95622198038409,12.969714154394534
68.9612889459642,12.97439314976897
68.9629779344909,12.97595379332765
68.97119767865418,12.983551347648477
68.9757016480587,12.987714941585251
68.98696157157005,12.998125370877576
69.00103647595922,13.011140021125001
69.01229639947056,13.021554052017983
69.02637130385973,13.034573016082671
69.02665280194752,13.034833751245989
69.05198762984803,13.058324705748973
69.05232542755337,13.058638079985691
69.05288842372894,13.05916051581445
69.05525300766632,13.06135756446043
69.06651293117766,13.071825297337353
69.0727058891089,13.077583833529363
69.07326888528446,13.078107402925857
69.0736066829898,13.078421611167515
69.07388818107758,13.078683642008201
69.07411337954781,13.078893320898299
69.07805435277679,13.08256467334209
69.07918034512791,13.083613866358561
69.09607023039493,13.099351860846776
69.09657692695293,13.099824032033455
69.11256601833904,13.114743427679217
69.11735148583136,13.11920888281691
69.12072946288475,13.12236287773246
69.12748541699156,13.128673190934828
69.12776691507935,13.12893628403303
69.14240481564408,13.142647361665393
69.14375600646545,13.143913046459756
69.15220094909895,13.151828851179785
69.16909083436596,13.16768386356168
69.17246881141936,13.17085576126981
69.19318707068022,13.19032650861097
69.22471485651198,13.219956470400357
69.23102041367834,13.225883518961023
69.23214640602946,13.22694307007278
69.24059134866297,13.234890555331347
69.24228033718967,13.236480302490532
69.24306853183546,13.237222780091196
69.25658044004908,13.249951987932207
69.25703083698951,13.250376660980246
69.27307622799319,13.265508843204513
69.27814319357329,13.270292451153534
69.28996611326019,13.281460591516616
69.29278109413802,13.28411996021284
69.30967097940504,13.300077401156823
69.31034657481572,13.300716533848068
69.31107846984396,13.301409097075783
69.31276745837064,13.303008755958388
69.31406234957446,13.304235778679521
69.3253222730858,13.31490896180255
69.32746165855296,13.316937624168961
69.33759558971316,13.32655043676661
69.35105119830921,13.339327506422055
69.36512610269838,13.352693964976185
69.37638602620973,13.36338790500391
69.39226251836071,13.378466652314467
69.39699168623548,13.382958340840482
69.40487363269341,13.39044959007483
69.40599962504454,13.391520934049971
69.40701301816057,13.39248535838459
69.4148949646185,13.399987843600798
69.44867473515252,13.432145814166581
69.45036372367922,13.433753802481124
69.47006858982408,13.452532499125008
69.5173602685717,13.497674705947219
69.5203441483022,13.5005229668202
69.52512961579453,13.505093169995789
69.52597411005787,13.505899796083668
69.5263119077632,13.506222480035095
69.52642450699832,13.50633006704293
69.54258249723709,13.521780811274303
69.5459604742905,13.525010982124064
69.54821245899277,13.527165054126769
69.56279405993995,13.541122261727088
69.56296295879262,13.541283940903028
69.5745606800093,13.552387683514343
69.59989550790982,13.576673030452572
69.62269685302029,13.598536324028684
69.62382284537141,13.599617020435653
69.76834396363945,13.738330611807784
69.77397392539513,13.743735031116094
69.77791489862409,13.747518677408868
69.84857091865774,13.815358637074581
69.85752255784926,13.82395370642627
70.50361696892993,14.444492828715486
70.51352570161991,14.454013334360303
70.5806348457475,14.51853131539842
70.5975247310145,14.534774042284127
70.59848182451297,14.535694502529822
70.60439328435642,14.541385295329839
70.60535037785488,14.542307381831524
70.6071519656167,14.54404448529888
70.62122687000587,14.557615720481557
70.62544934132262,14.561688982870633
70.63220529542943,14.568208190210436
70.632768291605,14.568751636689006
70.6429022227652,14.578553146998757
70.76146921733961,14.693278114773104
70.76259520969074,14.694367693271671
70.77002675920822,14.701560707330644
70.78804263682636,14.719002792628244
70.7891686291775,14.720093625190067
70.7908576177042,14.72173077762234
70.80099154886442,14.731555543354546
70.80161084465753,14.732155949804095
70.89557490635966,14.823268846699545
70.89726389488636,14.824907184742338
70.91246479162668,14.839663145936308
70.9134781847427,14.840647308102085
70.91449157785871,14.841631593431506
70.91533607212206,14.842451870249171
70.91702506064877,14.84409245859409
70.92209202622887,14.849017424315598
70.93335194974021,14.859970672868904
70.93504093826691,14.86161513778543
70.93526613673713,14.86183440203224
70.9392071099661,14.865671712148151
70.94286658510728,14.869235424682248
70.94444297439888,14.870770622675373
70.94782095145227,14.874062557724343
70.95232492085681,14.87845202909279
70.9748447678795,14.90040589386119
70.98272671433743,14.908090243760984
70.98948266844424,14.914678377666348
71.01481749634475,14.939394892598157
71.01504269481498,14.939614674891175
71.01538049252032,14.939944386364667
71.02044745810042,14.944890291455518
71.0208415554233,14.945275029146899
71.02258684356757,14.94698217345839
71.02540182444541,14.949736237516259
71.03384676707891,14.957998702072587
71.05636661410159,14.98003238928563
71.09577634639128,15.018648669742362
71.09746533491797,15.020303663863185
71.11998518194066,15.04237247414447
71.13068210927644,15.052856860025935
71.14194203278778,15.063894347669402
71.14869798689458,15.070519741911514
71.21349884670234,15.134104067624701
71.2585385407477,15.178346821292338
71.2619165178011,15.181670196662115
71.26642048720562,15.186103931336211
71.2720504489613,15.191646686182523
71.27469653098647,15.1942567927561
71.27638551951317,15.195923838126493
71.27706111492384,15.196590671924632
71.29958096194653,15.218819704692288
71.3153448548624,15.23439744914848
71.3221008089692,15.241074850512543
71.32350829940812,15.242466557722596
71.3257602841104,15.244694070730056
71.33110874777827,15.249985194242843
71.33223474012941,15.251099180667094
71.35193960627426,15.270594932868164
71.37783743035033,15.296236302552288
71.38290439593044,15.301253179633543
71.45879628039687,15.376411035317815
71.47608026298677,15.3935313562299
71.47653065992723,15.39397750804544
71.48339921326915,15.400783827222822
71.48869137731947,15.406028496259912
71.49291384863623,15.410220519358694
71.56272537440654,15.47953214693174
71.59650514494055,15.51311494594978
71.59763113729169,15.514234432615334
71.6212769766655,15.537756245513368
71.63535188105467,15.551764024310124
71.64267083133704,15.559049642198133
71.64464131795152,15.561012256510173
71.65139727205833,15.567741647314866
71.66468398180172,15.580979254368716
71.6649654798895,15.581260113947861
71.66552847606506,15.581821878788915
71.93480954683875,15.850730751484127
71.94043950859442,15.856355235003598
71.94663246652566,15.86254542480071
71.95789239003699,15.87380116886114
71.9595813785637,15.87549017241112
71.96352235179266,15.879431770636051
71.96369125064534,15.879600706685398
71.97213619327883,15.888059685022512
71.97804765312229,15.893981513701224
71.97889214738564,15.894827845256756
71.98902607854585,15.904984386060558
72.03941423625909,15.955518451353539
72.0478591788926,15.963995158134034
72.06193408328177,15.97812310959488
72.06249707945734,15.978688501676015
72.068127041213,15.984344470605366
72.07206801444198,15.988310605591188
72.07544599149539,15.991711487834545
72.0768534819343,15.993128699989526
72.07769797619765,15.993979802468703
72.08051295707548,15.99682132086324
72.08135745133883,15.997673787431161
72.08518582533269,16.00153876013265
72.11333563411104,16.02996426668758
72.1188529966316,16.035535694984492
72.14137284365427,16.058282815796794
72.16434308761741,16.081493547154814
72.18235896523555,16.09969846535148
72.19271809486598,16.110167337396387
72.20116303749948,16.11870921254116
72.20172603367504,16.119278910263297
72.20341502220175,16.120988158544396
72.20454101455289,16.122128464114105
72.20668040002003,16.124295117961303
72.21512534265355,16.13285596255739
72.22638526616488,16.144280235348397
72.22863725086715,16.14656562906825
72.23257822409612,16.15056711860149
72.23314122027169,16.151138971455946
72.2365191973251,16.154571165690747
72.23764518967623,16.155715305029172
72.24890511318756,16.167171751954832
72.24946810936314,16.16774492346211
72.25639296232261,16.174797531115377
72.26765288583394,16.186268440130245
72.27891280934529,16.197739653594766
72.28426127301317,16.20318858570453
72.29101722711998,16.210072880250888
72.40834563010814,16.329673289267106
72.41679057274165,16.33828431490372
72.41791656509278,16.33943302732578
72.42118194291106,16.342764393525737
72.42258943334998,16.344200914382053
72.43306116221552,16.354901233971574
72.43801552856051,16.3599650779
72.43857852473609,16.360540763187263
72.44083050943834,16.36284413733056
72.4416750037017,16.363707987891356
72.44291359528795,16.364975235451865
72.44308249414063,16.36514806929547
72.48525090769058,16.408311442553973
72.48553240577836,16.408599606006515
72.49059937135847,16.413787291148168
72.49369585032409,16.41695786627317
72.49425884649966,16.417534348670802
72.50101480060646,16.424453530581186
72.51565270117119,16.439458410481013
72.51818618396125,16.442056976906745
72.52105746445665,16.445002779923417
72.52218345680778,16.44615847851278
72.5728531126088,16.498177900470314
72.58045356097897,16.505982585688876
72.58067875944919,16.50621389847333
72.7060017081304,16.634949651144034
72.70881668900823,16.637841713203454
72.719513616344,16.64883404706213
72.71996401328445,16.64929698098334
72.73685389855147,16.666657339328772
72.73724799587437,16.667062670101853
72.73758579357971,16.667410254954923
72.7387680855484,16.6686271475403
72.73888068478351,16.66874305366805
72.74225866183691,16.672222465369334
72.74259645954226,16.672570425470273
72.74428544806895,16.67431157222016
72.74597443659565,16.67605357981114
72.75836035245813,16.68882944503735
72.7639903142138,16.694641233180345
72.76511630656492,16.695803845279567
72.76596080082828,16.696676657158964
72.76663639623897,16.697375683076597
72.77508133887245,16.706118347546056
72.77626363084116,16.707342883673267
72.77648882931138,16.707576358940564
72.77688292663427,16.707985257231137
72.77800891898542,16.7091535923953
72.78701685779448,16.718502885905522
72.78729835588227,16.71879534203343
72.79743228704247,16.72933570295919
72.83785541244818,16.771385525739955
72.83948810135733,16.77308461151456
72.85637798662434,16.790662373384745
72.85665948471211,16.790955622472563
72.85975596367774,16.79418144033128
72.86538592543342,16.800050186560732
72.86555482428608,16.800226279437943
72.94110891104717,16.879009846523914
73.05286365189721,16.99556831824079
73.05539713468725,16.99821147981697
73.06947203907644,17.01290180579574
73.06986613639933,17.01331350041092
73.07009133486956,17.013549003381932
73.0779732813275,17.021792289963745
73.09767814747235,17.04240575789133
73.0985226417357,17.04328929811489
73.1019006187891,17.04682569488689
73.1035896073158,17.04859485992691
73.10527859584249,17.050364317657706
73.10921956907147,17.054495344179394
73.10933216830658,17.054613393411664
73.19130441146913,17.14057536879167
73.19299339999583,17.142347027626077
73.21551324701852,17.165974447352713
73.26353682079437,17.216363157375163
73.2649443112333,17.2178403348447
73.28138379955985,17.23509663165005
73.2926437230712,17.24691641738554
73.2931504196292,17.247448480406955
73.29782328788642,17.25235778105955
73.30908321139773,17.26418760355144
73.31020920374888,17.265371697229348
73.31893564447016,17.27455140968212
73.34032949914172,17.297056852599475
73.35643118976293,17.314005862625518
73.37444706738108,17.33298087828929
73.37484116470397,17.33339657050548
73.38187861689856,17.340819978919477
73.39764250981443,17.35746751626355
73.39826180560756,17.3581219340959
73.404173265451,17.36437117887764
73.42106315071801,17.382229169489605
73.42128834918825,17.382467276165237
73.42269583962717,17.38395608031043
73.42522932241722,17.386640115415332
73.43367426505071,17.395591467194578
73.44211920768421,17.404543290842472
73.4461727801483,17.40884364162632
73.46103587918327,17.424624733672484
73.46948082181677,17.4335912968814
73.47285879887018,17.437179734873943
73.48935458681429,17.454703670738834
73.49132507342878,17.45679857297388
73.49470305048217,17.460390012714996
73.49808102753558,17.46398475728768
73.50162790344164,17.4677625365408
73.50309169349812,17.469322431014348
73.50393618776148,17.470222538368105
73.50427398546682,17.470582631843914
73.5267938324895,17.49460325332749
73.53675886479704,17.505233206207553
73.53844785332373,17.507036040108865
73.54970777683508,17.519082845953715
73.55111526727399,17.52059048691794
73.55263535694802,17.522220316626136
73.55770232252812,17.52765316736755
73.55809641985101,17.528075804386845
73.5603484045533,17.530493921967437
73.56091140072886,17.531098829169515
73.5634448835189,17.53382110301411
73.60003963493075,17.573214371539326
73.6071333867429,17.580852111500313
73.6128759477337,17.587036338957834
73.62188388654276,17.596738134972583
73.63100442458695,17.606564693401765
73.6731728381369,17.652025567396393
73.68443276164825,17.664165473546237
73.68477055935358,17.66452983679463
73.68499575782381,17.664772855446948
73.7189444272105,17.701410056019395
73.73583431247751,17.719642110558016
73.74636234096062,17.731039289834065
73.75058481227738,17.735612479477343
73.76071874343758,17.746588845019375
73.76972668224666,17.75634640134682
73.77000818033443,17.75665171854774
73.77102157345045,17.757751336288703
73.77591964017789,17.763067657128328
73.77986061340685,17.76734517543729
73.78036730996487,17.767896045525823
73.78081770690532,17.768386785089096
73.80108556922573,17.79048284737284
73.80198636310664,17.791465216028396
73.8021552619593,17.791649467211567
73.82450621012931,17.81604014716424
73.82597000018579,17.81763848605066
73.82765898871249,17.81948333829661
73.83272595429258,17.825019504486026
73.83357044855595,17.825942250864493
73.84032640266275,17.833325878337703
73.85440130705192,17.848712076013882
74.17356383898084,18.197716107819
74.17694181603424,18.201411512401002
74.19242421086234,18.21837718645455
74.19985576037982,18.226521930765095
74.20126325081874,18.22806465383379
74.20362783475612,18.230657191726333
74.20413453131412,18.231212840442478
74.20481012672481,18.231953980084057
74.21325506935833,18.241226968372853
74.21775903876285,18.246172761495075
74.22113701581625,18.249890969550172
74.22254450625518,18.25144067743361
74.24776673492057,18.279264996226956
74.25210180547244,18.284048414343864
74.25260850203045,18.28460794479372
74.2534529962938,18.285540578740335
74.25683097334719,18.289271421714748
74.26246093510287,18.2954910050068
74.29286272858349,18.329113056200345
74.29370722284683,18.330047715577262
74.29472061596285,18.33116945580191
74.31161050122986,18.349879889579753
74.31836645533667,18.357365484933403
74.32636100102971,18.3662248301631
74.32748699338086,18.367473733696524
74.33255395896096,18.373094837258908
74.34944384422796,18.391837566022712
74.35113283275466,18.393712186379492
74.36126676391487,18.40496276542842
74.36211125817822,18.40590096703773
74.37055620081173,18.415283392699834
74.3795641396208,18.425301462852403
74.3829421166742,18.42905869657873
74.38969807078101,18.436584324967654
74.41672188720821,18.466702791583547
74.44352050516521,18.496585293331634
74.45506192676433,18.509457576262335
74.46069188852,18.515738308261266
74.46969982732907,18.52578847770946
74.47313410400002,18.529620717937537
74.49565395102272,18.554753049245214
74.49846893190055,18.557895786726817
74.50049571813258,18.560158593431915
74.51175564164393,18.572735343054088
74.5241415575064,18.586573506251536
74.52949002117428,18.592551385449656
74.53511998292996,18.598844719690305
74.53540148101774,18.599159582212543
74.55003938158248,18.615532778899077
74.57436081636698,18.64274419082609
74.58010337735776,18.649176471784596
74.75147941320034,18.841197428741847
74.75266170516903,18.84252497343427
74.75311210210948,18.84303092813311
74.75378769752017,18.843790119506128
74.7582916669247,18.848852313419574
74.76279563632924,18.853915704292746
74.77022718584672,18.862270355689954
74.77478745486881,18.86740230556451
74.78041741662449,18.873739844826215
74.78081151394738,18.874183998178893
74.78362649482521,18.877358191190297
74.78998835160913,18.884533199026105
74.79955928659376,18.895330379552778
74.81081921010511,18.908038231579354
74.81757516421192,18.915670560679498
74.83159376898352,18.93150896793353
74.83497174603693,18.935327865825645
74.84454268102157,18.94615770260114
74.85523960835734,18.958267696420585
74.85569000529779,18.958777726123554
74.86188296322904,18.9657973149136
74.86357195175573,18.967713569242967
74.86723142689692,18.97186549349939
74.87567636953042,18.98145981427372
74.88766818807,18.99508628809964
74.88997647238982,18.997709435777963
74.89723912305463,19.005979485272427
74.92274284980782,19.035036131812973
74.92353104445361,19.035934235524206
74.92426293948185,19.036768811543094
74.92595192800854,19.03869482714648
74.93569176184586,19.049803572773577
74.93726815113745,19.051603330963125
74.95275054596554,19.069279567620047
74.97414440063709,19.093760932074737
74.97481999604777,19.094534133420506
74.97594598839889,19.09582305418244
74.97634008572179,19.096274183513344
74.97977436239276,19.10020548268518
74.981012953979,19.10162517390388
74.98236414480036,19.103173933052148
74.9846724291202,19.105819948106507
74.9860799195591,19.107433410748552
75.0222242740305,19.14888994412629
75.0226183713534,19.149342257333064
75.07441401950557,19.208796256993057
75.07452661874068,19.208925544970946
75.07959358432078,19.214745252743167
75.08325305946197,19.218948869412774
75.09428778450308,19.23162740445509
75.11962261240359,19.26073771083834
75.13651249767061,19.280148084582194
75.13735699193396,19.28111939697833
75.1378073888744,19.281637944047837
75.13831408543243,19.282221449734866
75.17321984831757,19.322440645388234
75.17434584066869,19.323738314227327
75.17884981007325,19.32892966629045
75.18729475270675,19.33866479774578
75.18797034811743,19.339443771637065
75.19162982325861,19.34366473738572
75.19545819725246,19.348082845581892
75.1956833957227,19.34834281525118
75.19680938807383,19.34964289495987
75.19849837660053,19.35159731949599
75.21538826186753,19.371150872792224
75.21876623892095,19.37506259092456
75.2192166358614,19.37558435770845
75.21966703280185,19.376106130083702
75.22676078461399,19.384324456505418
75.23554352495283,19.394506174750305
75.23909040085891,19.398622209593704
75.26234214290982,19.425609416762633
75.2630177383205,19.426393651137317
75.30242747061018,19.472165131746447
75.3108724132437,19.481980153486617
75.31379999335664,19.485383690234464
75.31436298953221,19.486038263586035
75.31470078723756,19.48643120583794
75.32145674134436,19.49429033928347
75.32551031380844,19.499013555036473
75.32663630615957,19.500325907807756
75.3378962296709,19.513452178326006
75.36604603844927,19.546292796905906
75.36660903462483,19.546949908195657
75.36683423309506,19.54721286284653
75.38372411836207,19.56694065301848
75.3865390992399,19.57023290559266
75.39104306864444,19.57550136487386
75.39245055908336,19.577147807756397
75.41018493861371,19.597901594656893
75.41581490036938,19.604490134675547
75.41694089272052,19.605808172272955
75.43383077798752,19.625581617097268
75.44509070149886,19.638768553370937
75.44846867855227,19.642726438877766
75.46423257146813,19.661196922451722
75.46445776993836,19.661460833172313
75.46564006190705,19.662847010840874
75.47436650262834,19.673079678828618
75.4840500368481,19.68443490137666
75.48602052346259,19.686745786687034
75.48838510739996,19.689518937264378
75.48906070281065,19.690311536663582
75.49947613205863,19.70254128188588
75.50882186857305,19.713518916707983
75.5408563509628,19.751170863246465
75.54130674790326,19.751700425523666
75.54975169053677,19.761644810275424
75.5542556599413,19.766950753273143
75.55791513508248,19.771264557106267
75.57199003947166,19.78786006570186
75.57463612149682,19.790986699417886
75.60137843983625,19.82259813587429
75.605094214595,19.826993595502618
75.61297616105294,19.83632637110072
75.62142110368644,19.846329100048624
75.63493301190005,19.862346234759023
75.66195682832728,19.89438170618375
75.66364581685396,19.89638494983452
75.66601040079135,19.899189646763997
75.67473684151264,19.909543448662337
75.736666420825,19.983029421776127
75.73807391126392,19.984700191697407
75.74933383477526,19.998067806898774
75.75817287473167,20.00856250244862
75.76886980206744,20.021263325744417
75.7795667294032,20.033966085412334
75.78024232481388,20.034768779800814
75.78058012251923,20.035170272589667
75.82567611618214,20.088775906329097
75.82956078979356,20.09339373672197
75.82995488711644,20.093862474802403
75.83023638520423,20.09419731530159
75.8358663469599,20.100895949897424
75.8370486389286,20.102303084628474
75.84025771712932,20.106122713878996
75.84982865211397,20.117518996757354
75.85939958709861,20.128915573478515
75.86204566912377,20.13206684668652
75.86232716721155,20.13240209375113
75.87099730831528,20.142728904812643
75.88439661729379,20.158692152980002
75.89430534998375,20.17050262579604
75.89824632321273,20.175200529062867
75.91553030580263,20.19581990589772
75.92577683619795,20.208050991787893
75.93900724632377,20.223856638815114
75.94041473676269,20.22553854617589
75.94801518513285,20.234625332997197
75.94998567174733,20.236981728904215
75.98095046140352,20.2740149388589
75.98348394419357,20.27704996562734
75.99755884858274,20.293913204326596
75.99767144781785,20.29404824128734
76.00110572448881,20.29816856193463
76.00448370154221,20.30223370357233
76.00459630077732,20.302369319560732
76.01135225488413,20.31050955039024
76.01585622428867,20.315943590512397
76.01602512314133,20.31614764980734
76.02615905430154,20.328406287308347
76.02880513632671,20.331609471293753
76.02987482906029,20.3329044275873
76.11432425539533,20.435158303323504
76.11815262938919,20.439794779138694
76.12209360261815,20.444568116434326
76.12772356437382,20.451390485461022
76.13110154142723,20.4554847321183
76.15643636932774,20.486225622179415
76.16488131196125,20.496476212517443
76.16825928901466,20.500578283184012
76.17839322017485,20.512889184501105
76.21217299070886,20.55393345880993
76.22343291422021,20.56762270618763
76.24173028992614,20.589870115737206
76.24313778036506,20.591583733347367
76.24403857424596,20.592680452908205
76.2443763719513,20.593091800645162
76.26819111017778,20.622094430678235
76.27382107193345,20.628955729987535
76.27387737155101,20.629024376798046
76.45291015538132,20.847551132282266
76.47092603299946,20.869551835626986
76.48241115498102,20.883577738453123
76.48325564924437,20.884609527947806
76.49451557275572,20.898374269215406
76.50042703259918,20.905604959672473
76.50183452303808,20.907326676719894
76.51360114310744,20.92172326861141
76.51444563737078,20.922756552219067
76.5195126029509,20.928962140888327
76.52396027273787,20.934410771243233
76.52733824979127,20.938549214280055
76.5335312077225,20.946138278150688
76.53403790428051,20.946759233396108
76.54079385838732,20.955040969102562
76.54090645762244,20.95517904366599
76.54343994041248,20.958286177830857
76.54749351287656,20.96325766977958
76.54873210446281,20.964776755793487
76.55323607386735,20.970304135120198
76.55436206621849,20.971686182314183
76.5657908885825,20.985720742201373
76.62231570460942,21.05514579221858
76.62811456521776,21.062268404484353
76.64224576922449,21.079626296343783
76.65125370803356,21.0906925271552
76.65226710114959,21.091937775420757
76.65547617935032,21.09588292781835
76.66054314493041,21.102117077616512
76.6625136315449,21.104542318804388
76.67658853593407,21.121883335237122
76.70023437530789,21.15103076365634
76.7015292665117,21.152628114195018
76.70490724356509,21.15679603084531
76.7150411747253,21.169301010858668
76.72855308293892,21.18599341992116
76.73356374890146,21.19218489556843
76.73384524698925,21.19253278378625
76.74510517050057,21.206468108390137
76.75580209783635,21.219707875548917
76.75788518368594,21.2222863774938
76.75799778292107,21.22242587086044
76.76813171408126,21.234984102152506
76.77122819304688,21.238822150909765
76.7823755173231,21.252640910811326
76.78490900011316,21.25578155501988
76.79605632438938,21.269612067409092
76.79616892362449,21.269751785255416
76.80179888538017,21.27674069808321
76.8063028547847,21.282332190013054
76.82600772092955,21.3068003615002
76.82713371328069,21.308199155640228
76.85303153735677,21.34042072862144
76.85657841326284,21.34483577073521
76.85708510982084,21.345466666927823
76.87116001421003,21.363008697595482
76.8810687469,21.37539184255492
76.88163174307557,21.376095633479853
76.89401765893804,21.39158059320138
76.89672004058077,21.394959193847754
76.89700153866855,21.395311176716806
76.897958632167,21.396509315168586
76.89897202528303,21.397778790807916
76.89942242222348,21.39834301776572
76.90882445835545,21.410124600862762
76.91017564917682,21.411818201677434
76.91484851743402,21.417678010377973
76.91822649448741,21.421914810385864
76.9255454447698,21.431097355451207
76.92672773673848,21.43258109185874
76.93010571379189,21.436821595166585
76.93055611073234,21.437387049622984
76.93703056675136,21.44552646679992
76.94029594456964,21.449631993231502
76.95042987572985,21.46237838729833
76.9508802726703,21.46294496018975
76.95234406272678,21.464786732828344
76.95397675163592,21.466841306882657
76.95487754551684,21.4679751352545
77.00273222044002,21.528214041062594
77.03155762462906,21.564505116685186
77.04000256726256,21.575137415896613
77.04338054431597,21.57939612185934
77.04473173513733,21.581099811050073
77.05238848312503,21.590756047953548
77.06364840663637,21.604957328376596
77.06392990472416,21.605312614498416
77.06421140281195,21.605668023609827
77.07023546189052,21.61327515654679
77.09050332421093,21.63889081385884
77.10457822860009,21.656688015550962
77.10480342707032,21.656972809925147
77.11324836970383,21.667653127954917
77.1239452970396,21.681182311037514
77.12935006032504,21.688023803397364
77.13413552781736,21.694082797367567
77.14060998383638,21.702283808566687
77.14342496471421,21.705850286010083
77.14455095706535,21.70727842886089
77.15299589969885,21.717995057089183
77.17551574672153,21.746609026153326
77.19381312242746,21.769867290683514
77.19477021592593,21.77108498832796
77.23463034515606,21.821865556072034
77.2349681428614,21.82229595210884
77.23524964094919,21.822654688373962
77.23553113903698,21.823013439476004
77.24397608167047,21.833776589632787
77.24538357210939,21.83557071255489
77.2504505376895,21.842033632757612
77.2521395262162,21.844188096693383
77.25776948797187,21.851374995076185
77.25833248414745,21.852094025473633
77.25883918070544,21.852741172948388
77.28316061548995,21.883839115956388
77.44648580602193,22.092677333246286
77.45048307886844,22.09779200734281
77.45273506357071,22.100673752141052
77.45329805974627,22.10139424428926
77.45386105592185,22.10211512021692
77.45464925056764,22.10312439487572
77.45971621614774,22.109619830955307
77.46118000620422,22.111496702964047
77.461461504292,22.111857676587533
77.46399498708205,22.115108271013227
77.46962494883772,22.12234831570184
77.4836998532269,22.140472779544428
77.49180699815507,22.15091442463759
77.52840174956691,22.198055788926006
77.53093523235697,22.20132023640188
77.53645259487753,22.20843278194303
77.54827551456442,22.2236824361405
77.54968300500335,22.22549862318719
77.55418697440788,22.23131073712976
77.57546822984432,22.25878184268146
77.57884620689771,22.263144313709983
77.58560216100452,22.271876212323203
77.59613018948762,22.285487064714292
77.62259100973927,22.319727016745603
77.62636308411557,22.324608211581314
77.62777057455449,22.32643002865661
77.63903049806584,22.34102390624798
77.64437896173372,22.347956496082322
77.64663094643598,22.350875655245414
77.64860143305047,22.353433772584125
77.65772197109465,22.36527746569552
77.66014285464958,22.368422259539845
77.66070585082515,22.36915363512563
77.66391492902589,22.37332445867465
77.66672990990372,22.37698426364276
77.67112128007314,22.382694560898962
77.67708903953415,22.39046287090191
77.67900322653108,22.392954661427197
77.68294419976004,22.39808527154513
77.68339459670051,22.39867187374919
77.68553398216766,22.401459353023583
77.7014667739362,22.422227113250337
77.70709673569188,22.42956765471079
77.71216370127198,22.436179387120802
77.73468354829465,22.46558014306648
77.745943471806,22.48028235522204
77.82369324365179,22.58189917548848
77.83168778934485,22.59235158814873
77.84047052968369,22.60384144419326
77.8455374952638,22.610470251676094
77.8624273805308,22.6325717738654
77.86400376982239,22.634634866552872
77.87515109409861,22.64922669488706
77.88832520460689,22.66647770424145
77.89508115871368,22.675337664767646
77.8964886491526,22.67718370756675
77.9049335917861,22.688263182485603
77.90774857266395,22.69195894666044
77.91056355354178,22.69565529622422
77.91140804780512,22.696764361095838
77.91191474436314,22.697429998599677
77.91332223480207,22.699280305787692
77.91450452677074,22.700835573369925
77.93589838144229,22.728985578520593
77.93634877838275,22.729578449796232
77.93972675543614,22.734026130892353
77.94062754931706,22.73521299172259
77.9501984843017,22.747825969154448
77.95047998238948,22.748196942047382
77.95385795944289,22.752655940077204
77.96455488677866,22.76678102351212
77.98707473380134,22.79652259353618
77.98803182729979,22.797786795395574
78.00098073933783,22.814897222205495
78.01224066284918,22.829782683266373
78.01336665520031,22.831271258374873
78.0257525710628,22.84764829445858
78.02969354429176,22.85286026744758
78.03380341637339,22.858299420833006
78.04506333988473,22.873207849106805
78.04562633606031,22.87395350137001
78.05333938366556,22.884180241046188
78.0640926106189,22.898445253387468
78.09674638880179,22.941772070409204
78.12489619758013,22.979125659855562
78.12658518610684,22.98136690748931
78.12748597998774,22.98256270910666
78.12788007731064,22.983086554911843
78.1393651992922,22.998354592716645
78.14218018017004,23.002096885043795
78.1427431763456,23.002845398108544
78.1473034453677,23.008911102868673
78.14826053886615,23.010184210061293
78.15332750444625,23.016935546654725
78.15372160176915,23.017461158940954
78.15709957882257,23.02196666679145
78.16250434210801,23.029182578007195
78.17657924649718,23.047996949529978
78.18783917000852,23.063053558376687
78.19628411264202,23.074350048705426
78.2683476231146,23.170761774433103
78.27037440934663,23.173474055684526
78.28276032520911,23.190064434313864
78.29739822577385,23.209679233979248
78.30415417988065,23.218732290218828
78.32104406514766,23.241383270956085
78.32459094105374,23.246140935486082
78.34598479572529,23.27483865022698
78.34789898272221,23.277406662442733
78.34834937966266,23.278011185118057
78.3579203146473,23.29085999545725
78.36918023815865,23.30597665280339
78.3709255263029,23.308320068739626
78.38443743451651,23.326465663093256
78.3852256291623,23.327526192646683
78.4088714685361,23.3593428968878
78.40999746088725,23.36085868384066
78.41889280046121,23.37283776884551
78.42035659051768,23.37481208486344
78.42063808860547,23.3751917741978
78.42334047024818,23.378838938515976
78.42728144347716,23.384160170621918
78.43741537463737,23.39787500188117
78.43831616851827,23.39909531382825
78.43910436316406,23.40016347097583
78.4537422637288,23.420001299624403
78.4541363610517,23.42053549688201
78.45610684766619,23.4232080521114
78.45678244307686,23.42412465853482
78.45745803848754,23.425041379423913
78.45802103466312,23.425805882856288
78.46928095817445,23.44109848965752
78.47232113752251,23.44522767919306
78.48414405720942,23.46128789173891
78.48566414688345,23.463353648723672
78.48819762967351,23.46679718313915
78.73518405189473,23.802569078642076
78.73687304042144,23.80486561441502
78.73760493544968,23.805861016818195
78.73799903277256,23.806397179310196
78.74869596010834,23.820950581691314
78.7529184314251,23.826700538181164
78.75770389891741,23.833217206810737
78.75995588361968,23.836287508027862
78.76164487214639,23.838590679476994
78.76727483390205,23.846269289885992
78.77234179948216,23.853186012087864
78.7739744883913,23.855415322277086
78.79367935453614,23.88232513661695
78.84153402945934,23.947732967320018
78.86123889560417,23.974702209843837
78.86546136692093,23.98048264161749
78.87728428660785,23.99667703194625
78.88009926748568,24.000532973115984
78.88066226366124,24.001304175343304
78.88308314721618,24.004620754989933
78.88342094492153,24.005084003126896
78.8991848378374,24.026740053432107
78.90002933210076,24.027900582455676
78.90340730915415,24.032552196532254
78.90436440265262,24.03387019919021
78.9063348892671,24.036583885014316
78.90830537588158,24.03929788463919
78.91162705331742,24.043875533243227
78.91669401889753,24.05086285809535
78.91725701507309,24.05163951114763
78.95030489057888,24.0972800919038
78.95137458331246,24.09875798955361
78.97473892459848,24.13104304430533
78.97586491694962,24.13259910566129
78.97699090930075,24.134155303820002
78.9840846611129,24.143965472028427
78.98470395690602,24.144822145120028
78.99590758079981,24.160342112630506
78.99647057697537,24.161122683069053
78.99810326588451,24.16338659574474
78.99872256167764,24.164245592403216
79.00885649283784,24.17830372740701
79.01054548136455,24.180647756377972
79.01138997562789,24.18181980847756
79.01454275421106,24.18619587408098
79.01538724847443,24.187368043808853
79.01623174273777,24.1885416598324
79.02636567389798,24.2026372532522
79.04212956681386,24.224573710397195
79.04438155151612,24.227709589881286
79.0669013985388,24.259079023831152
79.0804133067524,24.277917882274657
79.08210229527911,24.28027350407263
79.09223622643931,24.294412434867088
79.09291182185,24.29535539373022
79.12950657326185,24.34645494788189
79.12973177173207,24.346769760997432
79.13310974878549,24.351495221329376
79.1341231419015,24.352913414305704
79.14425707306171,24.367101267838326
79.15591109389594,24.383430873736852
79.1564740900715,24.38422028909526
79.15912017209668,24.38793093608504
79.18276601147049,24.421137381571565
79.20415986614204,24.451194298884147
79.20922683172213,24.45831323631454
79.22330173611131,24.478088867863622
79.2270738104876,24.483388905037987
79.22752420742806,24.484022599033054
79.2404731194661,24.502245564554812
79.24204950875769,24.504464318571493
79.24351329881416,24.506526334055863
79.24373849728438,24.506843910871314
79.25218343991789,24.51875368287051
79.25511102003084,24.522883779521994
79.25708150664532,24.5256639438271
79.2586578959369,24.52788819757118
79.26034688446362,24.530271494488627
79.26175437490252,24.53225862577826
79.26952372212536,24.54323393150822
79.27064971447649,24.544827107986464
79.28303563033896,24.562356484986143
79.28641360739238,24.5671372837129
79.29857432478461,24.58435337554832
79.32390915268512,24.620231046507303
79.35768892321914,24.668087498538867
79.3582519193947,24.668886303723873
79.35926531251073,24.670324642950035
79.36067280294965,24.672322479572316
79.37024373793429,24.685917253110762
79.37514180466172,24.69287585572785
79.37626779701286,24.694476079910437
79.37688709280599,24.69535649451049
79.41517083274454,24.749798142167112
79.4158464281552,24.75075914519993
79.41618422586055,24.751240493885234
79.42406617231849,24.762473083749494
79.42507956543452,24.76391741376428
79.42564256161008,24.76472010801983
79.42676855396121,24.766326072164258
79.43099102527796,24.77234878947226
79.4392670690588,24.78415352243777
79.44028046217481,24.785600833165297
79.44123755567328,24.786967905935555
79.45035809371747,24.799999244027866
79.45232858033195,24.80281477135316
79.45289157650753,24.803619239686682
79.4838563661637,24.847873238813733
79.53452602196474,24.920289153669938
79.53542681584564,24.92157662622313
79.55231670111264,24.945727404840994
79.55907265521945,24.955394373281965
79.55918525445456,24.955555513430575
79.55935415330724,24.95579726127489
79.5717400691697,24.97353514997525
79.57849602327651,24.983226311367147
79.58750396208558,24.99615269792348
79.5959489047191,25.008279100252214
79.60293005729612,25.01830527114019
79.608278520964,25.025987645091213
79.60878521752201,25.026715847235835
79.6182998528891,25.04039678529904
79.64081969991177,25.072778752863346
79.641044898382,25.073102605906705
79.65117882954222,25.087680039504633
79.6518544249529,25.088652376334263
79.66350844578713,25.105425488298668
79.66531003354895,25.10801845597977
79.66581673010695,25.108748141858356
79.69115155800746,25.14524018640704
79.70928003486073,25.171352994573837
79.71029342797674,25.172813196949935
79.72256674460411,25.190501499279755
79.73101168723761,25.202675679613506
79.86252759385005,25.392278467387147
79.87525130741787,25.410623815861133
79.8805434714682,25.418254671683194
79.88127536649644,25.419310104087327
79.88150056496667,25.419634946546505
79.88200726152466,25.420366073112778
79.8843155458445,25.423696860176026
79.90261292155041,25.45011290765361
79.90300701887332,25.450682398696106
79.9053716028107,25.454099404136947
79.90807398445342,25.458006055979443
79.91026966953814,25.46118066477537
79.9108326657137,25.461994844892217
79.91150826112438,25.462973158284314
79.91573073244113,25.469088155505542
79.91663152632205,25.470393435324635
79.92000950337544,25.475291918257646
79.941403358047,25.506321448495413
79.94207895345767,25.50730245521806
79.9482719113889,25.51630078102874
79.94855340947669,25.516709997249375
79.95193138653009,25.52162102760791
79.98120718765958,25.56419456967915
80.00372703468224,25.596954789665233
80.00541602320895,25.59941376946761
80.0054723228265,25.59949578638603
80.01048298878905,25.606799831426315
80.02117991612482,25.622396486854655
80.02275630541642,25.62469503118911
80.0234319008271,25.62568028679441
80.04127887959257,25.6517103423652
80.05259510272147,25.668227217230054
80.05597307977487,25.673159223116006
80.0574931694489,25.675380199848526
80.05816876485959,25.67636781735072
80.06171564076566,25.681554096348126
80.06250383541145,25.68270708468067
80.06796489831444,25.69069633316484
80.09667770326836,25.73272790832462
80.0990985868233,25.736272871354508
80.10923251798351,25.751119957452694
80.10957031568886,25.75161492141581
80.11970424684905,25.766463969679602
80.12550310745739,25.774961508664873
80.14661546404115,25.80591930944821
80.14712216059917,25.80666231739366
80.15050013765257,25.811617464269464
80.16598253248065,25.834340736256657
80.16778412024247,25.83698628778074
80.18185902463163,25.857665283196358
80.21000883341,25.899024901018308
80.21254231620004,25.902747919288444
80.21440020357942,25.9054787545291
80.21608919210612,25.907961843064765
80.21918567107174,25.91251612145649
80.2248156328274,25.920800769738563
80.23601925672119,25.93729273534835
80.23686375098454,25.938536267495255
80.24542129285315,25.951139567497638
80.24592798941117,25.95188631496372
80.24671618405696,25.953048440909882
80.25938359800722,25.97173744012898
80.26670254828959,25.98253669740256
80.32238287005316,26.064745878654076
80.32801283180883,26.073058688745316
80.33082781268666,26.077216419852345
80.33398059126985,26.081873553695363
80.34501531631095,26.09821568467866
80.35177127041776,26.10822256817021
80.35317876085668,26.11030764564498
80.36218669966576,26.12365356883724
80.36421348589779,26.12665648077492
80.36871745530233,26.13333265857087
80.37322142470687,26.140008951058746
80.37344662317709,26.140342874177986
80.37457261552822,26.142012630155186
80.37496671285112,26.14259730640779
80.37530451055646,26.14309900610643
80.39951334610585,26.17905872810241
80.39990744342875,26.179644172492594
80.4012586342501,26.181651453841575
80.40249722583634,26.183491797296004
80.41966860919115,26.2090090826763
80.43937347533598,26.238347186094096
80.45142159349311,26.256299999929674
80.45479957054653,26.261337234030098
80.4554751659572,26.262344959366445
80.46110512771286,26.27074393383027
80.47123905887308,26.28586509171931
80.47225245198909,26.28737831939944
80.48998683151946,26.313910636487815
80.49054982769502,26.314753181218165
80.50180975120635,26.33160476385461
80.50259794585214,26.332784499493695
80.53356273550834,26.379194951741336
80.53384423359611,26.37961697444835
80.54014979076247,26.389071674370108
80.54172618005407,26.39143842283273
80.5445411609319,26.395665059158972
80.54904513033642,26.402434274303637
80.54938292804177,26.402942309208257
80.55557588597301,26.412264398050045
80.56120584772867,26.42074671362961
80.5663854125439,26.42855096580638
80.56920039342172,26.432794761466756
80.5798973207575,26.44893253784797
80.6291594861196,26.523266524937412
80.62938468458984,26.523606421543295
80.64233359662788,26.54316173784182
80.64255879509811,26.543501840011995
80.66265775856584,26.573857519318327
80.66367115168187,26.575388113851346
80.66614833485436,26.579132357440503
80.67177829661003,26.587642769145738
80.69913991074259,26.629037512703718
80.71377781130732,26.65118564940591
80.719407773063,26.659705170385887
80.72194125585305,26.66354169504911
80.72740231875605,26.671815941730497
80.73584726138955,26.684629681646786
80.77503179520902,26.744192201877016
80.78477162904633,26.759003019932255
80.79012009271422,26.767137034754914
80.79575005446988,26.775699561633242
80.8056024875423,26.790698503523302
80.8074040753041,26.793441291030412
80.82710894144896,26.82344813924168
80.8299239223268,26.827735481388416
80.84107124660302,26.84471436572966
80.85120517776323,26.860151043199178
80.88808142726288,26.916334139389093
80.88892592152621,26.917621095871063
80.90694179914436,26.94508475874306
80.90919378384662,26.948518540168198
80.90941898231685,26.948862520718546
80.90953158155196,26.94903454898634
80.90992567887486,26.949637263037097
80.91499264445497,26.957387844916475
80.9262525679663,26.974627662877467
80.9266466652892,26.97523208826092
80.92704076261211,26.9758367097994
80.92726596108233,26.976182364943817
80.9295179457846,26.979639142338073
80.9509681000737,27.01257579041582
80.96926547577962,27.04067720591986
80.98249588590545,27.06099742575767
80.98587386295884,27.066186040950562
80.99262981706565,27.076567528525747
80.99488180176792,27.08002953048765
81.01678235299747,27.113712671694284
81.0194847346402,27.117869324402772
81.02061072699132,27.119601389473985
81.04831013882922,27.16222388212089
81.05506609293603,27.17262204488034
81.08040092083655,27.211671001894818
81.09841679845469,27.239439468024862
81.09886719539514,27.240134177242147
81.11012711890649,27.257506214215276
81.11688307301328,27.26793858581629
81.13377295828029,27.2940274674869
81.14644037223056,27.313601943387354
81.17064920777993,27.351039239320414
81.18190913129128,27.36845524644468
81.19429504715374,27.387619793396674
81.19457654524153,27.388055490019976
81.1947454440942,27.38831699550195
81.19575883721022,27.38988608180044
81.19744782573693,27.392501626360932
81.20927074542382,27.410817919431896
81.22109366511073,27.42914041653105
81.22233225669699,27.431061046206946
81.22272635401988,27.431672156836367
81.23314178326787,27.447824416698975
81.23483077179456,27.45044508105777
81.24046073355024,27.45918314013853
81.24609069530591,27.467929767152572
81.24721668765704,27.469680096787002
81.24755448536239,27.470205786155116
81.24811748153795,27.471082011982112
81.25036946624022,27.474586973372116
81.25346594520583,27.479410432027002
81.25903960734395,27.488092774630164
81.26022189931264,27.48993464007047
81.26247388401491,27.49344458732079
81.26641485724387,27.499589276809044
81.27654878840409,27.515401798875182
81.28583822530094,27.52990810150961
81.28617602300628,27.53043606491567
81.28657012032917,27.53105217407598
81.29670405148937,27.546903197082717
81.29704184919471,27.54743160211939
81.299293833897,27.550955883889383
81.30154581859925,27.554480945259606
81.3023903128626,27.555803414778023
81.31049745779076,27.568499938484496
81.33020232393562,27.599364443802934
81.3309905185814,27.600599042829398
81.33206021131498,27.602274865242187
81.34472762526525,27.622136057557356
81.3455721195286,27.623460391642706
81.3624620047956,27.649949790906238
81.3628561021185,27.650568316906
81.3729900332787,27.666478593921145
81.38813463040145,27.690257579373206
81.38909172389992,27.691760795971465
81.3901614166335,27.69344163132386
81.40040794702882,27.709556729655873
81.41166787054016,27.72726766348525
81.41183676939282,27.72753334927088
81.41442655180043,27.731610656252165
81.43075344089188,27.757323086847503
81.43497591220863,27.763976964697072
81.43790349232157,27.768592893356157
81.4443779483406,27.778801732564723
81.44482834528105,27.779512368639637
81.45271029173898,27.79195100860016
81.45693276305575,27.798615398002983
81.45822765425955,27.800659415687694
81.46667259689305,27.813994966234457
81.47511753952655,27.827330805168742
81.47568053570212,27.828220057701742
81.51790524886965,27.89504292281465
81.53423213796108,27.920885253897765
81.53473883451909,27.92168755256899
81.5414947886259,27.932388362167465
81.54380307294574,27.936046143987763
81.54796924464492,27.942648119907453
81.5491515366136,27.944523481755535
81.56716741423176,27.97310719077773
81.58405729949877,27.999913865243553
81.5885612689033,28.007064743066064
81.6020731771169,28.02852232496579
81.60376216564362,28.03120573645276
81.60584525149321,28.03451567982483
81.7398946408957,28.24756474608844
81.74073913515906,28.24890694225295
81.76325898218172,28.284706663413566
81.77508190186865,28.30351142541619
81.77536339995642,28.30395930609641
81.77958587127317,28.310679871365014
81.79349187680968,28.33283598203829
81.7983899435371,28.340641459094872
81.79878404086,28.341269596214723
81.80159902173784,28.345757277113464
81.81747551388884,28.3710685671227
81.8298614297513,28.39082105321438
81.83380240298027,28.3971060757535
81.83644848500545,28.401326475209714
81.83661738385811,28.40159621166542
81.84112135326265,28.408790885503777
81.91994081784203,28.534702680357043
81.9289487566511,28.54909863704079
81.92928655435644,28.54963860522822
81.93007474900223,28.55089860674342
81.93345272605563,28.55630217106778
81.93379052376098,28.55684299369675
81.93424092070143,28.557564158823627
81.93592990922812,28.560268898857398
81.93615510769835,28.5606297155775
81.93953308475176,28.56604200089185
81.94966701591197,28.58228172104369
81.95056780979287,28.58372613872828
81.95996984592485,28.598805457994793
81.96987857861482,28.614698934312592
82.00281385488549,28.66753688275085
82.00360204953128,28.668801623409955
82.00506583958776,28.671150500217323
82.00523473844042,28.671421576197908
82.08489869728315,28.799328086711245
82.1130485060615,28.844537685959775
82.14119831483984,28.889753080610685
82.14198650948565,28.891019961539527
82.14727867353598,28.89952899833273
82.15994608748622,28.919896805625108
82.16028388519156,28.920440114550495
82.16563234885945,28.929043757670236
82.1667583412106,28.930856726856174
82.16884142706019,28.934213045966366
82.16917922476553,28.934757372712234
82.17086821329222,28.937479850511956
82.17931315592574,28.951095755072924
82.18043914827686,28.952912090370024
82.20324049338733,28.98969452700273
82.20644957158805,28.994872765551023
82.21962368209633,29.0161318444782
82.22806862472983,29.02976156937403
82.34562222618823,29.21950331319756
82.35806444166825,29.23960160161746
82.36087942254609,29.24414946672591
82.36369440342392,29.248697387768484
82.36690348162466,29.253884881909258
82.45456198616043,29.39561493358182
82.46402032190996,29.410908510239697
82.46683530278779,29.41546661506979
82.48057240947162,29.43772206553704
82.49746229473864,29.465092396873754
82.50421824884543,29.4760459308021
82.50562573928435,29.478327966493108
82.50590723737213,29.478784478737964
82.50641393393015,29.47960627623202
82.50675173163549,29.480154201414543
82.54272718725421,29.53855176160133
82.55286111841443,29.555011999672175
82.55303001726709,29.555286405383512
82.56428994077844,29.57358088251937
82.56569743121736,29.575869869134586
82.56963840444632,29.582280791256295
82.59497323234683,29.623551125513142
82.59519843081706,29.623917982437973
82.60533236197728,29.640438795124247
82.60961113291158,29.647414294036935
82.62092735604047,29.66586604351333
82.62143405259849,29.66669226989735
82.62413643424121,29.67109977956054
82.63331327190294,29.686070630350358
82.63781724130747,29.69342479548422
82.63961882906929,29.696366798343327
82.77845368596411,29.92310432421278
82.78408364771978,29.9322994846542
82.79534357123111,29.950698278005067
82.80322551768906,29.963583283866708
82.8057590004791,29.967726779058033
82.80913697753252,29.973252098907587
82.81364094693706,29.98062374836926
82.81645592781489,29.985231067956995
82.81966500601563,29.99048777457965
82.82180439148277,29.993992459879266
82.82461937236062,29.998604838137748
82.8330643149941,30.012442141057544
82.85727315054349,30.052113839213973
82.8741630358105,30.07979260785133
82.87433193466318,30.080069569028932
82.87489493083874,30.08099298343388
82.87742841362878,30.085149945455946
82.88333987347224,30.094850124875993
82.88812534096456,30.10270823913741
82.88981432949126,30.10548172058786
83.00748053018476,30.29878103402498
83.01423648429156,30.309882513431052
83.0170514651694,30.31450861874528
83.0179522590503,30.31598901534977
83.02279402616018,30.323949132118972
83.04531387318286,30.3610234961363
83.04739695903245,30.364453369534523
83.0485229513836,30.366307868097316
83.04919854679427,30.36742061383009
83.04976154296983,30.368347942485237
83.05032453914541,30.36927543381449
83.05235132537744,30.37261669077408
83.05291432155302,30.3735448983251
83.05741829095756,30.380971295143727
83.05786868789801,30.381714460013328
83.05798128713312,30.381900254001597
83.0720561915223,30.405130083121822
83.07487117240012,30.40977700828312
83.0805011341558,30.419076037387587
83.08123302918403,30.420284976038474
83.09266185154804,30.43916507561396
83.09299964925339,30.43972330826908
83.0994741052724,30.450430648113365
83.11354900966158,30.473721644816454
83.11467500201272,30.47558514333953
83.11946046950503,30.483507198400396
83.12058646185616,30.48537133273142
83.12227545038286,30.488167963320468
83.14361300543686,30.523501835580298
83.14884886986962,30.532173494562855
83.1595457972054,30.54989791104384
83.16511945934352,30.559136479649823
83.17300140580144,30.57220633810242
83.1738459000648,30.573607165318567
83.17418369777015,30.57416751030181
83.18093965187694,30.585374802187353
83.19782953714395,30.613410437146037
83.21471942241097,30.641465694714437
83.21477572202852,30.641559216349524
83.21927969143306,30.649044102697857
83.2305396149444,30.667777229404546
83.23082111303218,30.668245592570536
83.23166560729553,30.66965077178715
83.23211600423598,30.670400562966186
83.23279159964666,30.67152529710272
83.23335459582223,30.672462818341273
83.23588807861229,30.676681887827108
83.23915345643057,30.682120749494
83.24112394304505,30.685403742685548
83.2540728550831,30.706991155345754
83.25474845049378,30.708118586495704
83.25700043519605,30.711876797711845
83.27529781090198,30.7424425775498
83.37725641829715,30.912867407420634
83.3814788896139,30.9199288030001
83.38192928655435,30.920682089930988
83.39093722536343,30.93574959105646
83.39206321771456,30.937633048094593
83.39251361465502,30.938386908515447
83.39926956876182,30.94970032258042
83.40180305155187,30.953943245825176
83.4046180324297,30.95865956413382
83.42375990239898,30.990730671615392
83.42826387180352,30.998276915963725
83.42848907027374,30.998654330915205
83.4289394672142,30.999409195938526
83.45292310429335,31.039608907272047
83.45630108134675,31.045275036247403
83.45799006987346,31.048108979454696
83.45900346298947,31.04980953642552
83.47870832913432,31.082882279120177
83.50010218380586,31.118794253727838
83.50854712643937,31.1329711676821
83.51186880387522,31.13854758529437
83.51215030196299,31.13902071253885
83.60853524722006,31.301089838165534
83.61191322427347,31.3067710514266
83.61698018985358,31.315297050285608
83.66185098504626,31.39083172733591
83.66607345636301,31.397940033787698
83.6664675536859,31.398603556434935
83.6889874007086,31.436521146565987
83.68943779764903,31.437279534442798
83.70069772116038,31.456258672157066
83.70109181848328,31.45692345415878
83.70390679936112,31.461673460027313
83.71178874581905,31.474981567458393
83.80096734002886,31.625632862734836
83.80603430560896,31.63419643531306
83.80614690484407,31.634386778403968
83.81318435703866,31.646289032467774
83.81346585512645,31.646765196239357
83.81965881305769,31.657240873912006
83.82022180923326,31.658195373207587
83.82050330732103,31.65867268695008
83.82951124613011,31.673950681200374
83.83908218111475,31.69018533883019
83.86329101666412,31.731255932433562
83.86374141360457,31.732020050257958
83.86458590786793,31.73345306281996
83.88969553729821,31.776080335520167
83.90658542256523,31.80476227140282
83.91925283651548,31.82627699395597
83.93501672943135,31.853054465197978
83.93670571795806,31.85592595817625
83.95021762617166,31.87890303448758
83.95145621775791,31.881011300406705
83.95370820246018,31.884845415394196
83.96091455350744,31.89711601986368
83.96806460493714,31.90929198668377
83.99058445195982,31.947666751947274
83.99452542518878,31.954382709586003
83.99491952251168,31.95505470281744
83.99514472098191,31.95543881117906
83.99627071333305,31.95735983250162
83.99739670568418,31.95928136055638
83.99767820377197,31.95976178259406
84.00668614258103,31.975137028063983
84.00792473416729,31.977251315352788
84.01636967680078,31.991671806549498
84.03607454294563,32.025341749174615
84.05746839761717,32.06190257631412
84.0576935960874,32.062288183836785
84.05910108652633,32.06470096688162
84.08162093354899,32.103336423001835
84.08753239339245,32.11348776895997
84.0883768876558,32.11493819363653
84.09755372531754,32.130709571323536
84.10318368707321,32.14038993699514
84.10487267559992,32.14329433192067
84.10599866795106,32.14523131797347
84.10791285494797,32.148525104522555
84.11917277845932,32.16790327218885
84.12097436622113,32.171003968267556
84.12547833562567,32.178757559921536
84.13223428973247,32.19039410364656
84.13927174192706,32.20251720715644
84.14462020559495,32.21173837464921
84.1454646998583,32.21319437133783
84.16291758130086,32.24328871349112
84.16359317671154,32.24445397608412
84.16415617288712,32.24542560080814
84.16849124343898,32.252911203346166
84.16888534076188,32.25359188793631
84.16905423961455,32.25388373998423
84.1698987338779,32.25534336850346
84.17091212699393,32.25709526097619
84.18132755624191,32.27512192809645
84.18189055241749,32.276096628575814
84.19033549505099,32.29072230263039
84.19078589199144,32.29150248337962
84.19123628893189,32.292283361580985
84.1946142659853,32.29814829741923
84.20868917037446,32.32259467440773
84.21009666081338,32.325041433525
84.21026555966606,32.32533519789795
84.2111100539294,32.32680443947852
84.2115041512523,32.32749063743652
84.2148821283057,32.333372729402896
84.21533252524615,32.334158004964316
84.21555772371639,32.33455074500178
84.21961129618046,32.341620414567124
84.22636725028727,32.3534065757615
84.22901333231243,32.358028357485125
84.2447772252283,32.38556605191869
84.24545282063899,32.38674653918133
84.24883079769239,32.39264900971365
84.2741656255929,32.436926464458296
84.28824052998209,32.461535741659894
84.32596127374507,32.52751736371541
84.32922665156336,32.53323219034664
84.32990224697403,32.534414628370776
84.63251269134129,33.0642163672528
84.6477135880816,33.090830297445976
84.65081006704722,33.096254889131195
84.66150699438299,33.114997196391215
84.66359008023258,33.11864777635925
84.66696805728598,33.124571402558075
84.66860074619514,33.127434594322935
84.6733299140699,33.135730555508985
84.67445590642103,33.137708211266286
84.67586339685994,33.14018030161176
84.67642639303551,33.14116954445634
84.67665159150573,33.141565304490555
84.67732718691641,33.142752911755466
84.69872104158796,33.18039465964781
84.71279594597713,33.20515983375586
84.72574485801519,33.22794497871057
84.73362680447312,33.241815115748494
84.73396460217846,33.24240973191156
84.73413350103112,33.24270706305621
84.73582248955783,33.24568657776155
84.74072055628527,33.25432819129783
84.74128355246083,33.25532202843637
84.75648444920114,33.282155635824715
84.76774437271247,33.302038310373156
84.77534482108263,33.315460157102194
84.78547875224284,33.333359568386065
84.80067964898315,33.36021371381522
84.804508022977,33.36697806971294
84.83237633366757,33.416219584231776
84.83265783175536,33.41671703603099
84.85968164818256,33.46449563850125
84.86700059846494,33.477437420151226
84.87251796098549,33.48719812850201
84.88208889597013,33.50413547094694
84.88631136728688,33.511609027959395
84.8894078462525,33.51709359272489
84.89165983095477,33.521087476263325
84.89503780800817,33.527079684002565
84.89588230227152,33.52857862733151
84.8991476800898,33.534374704970524
84.90567843572639,33.54597222906929
84.90595993381417,33.54647215987825
84.91643166267971,33.56508275564881
84.92009113782089,33.57159016799745
84.92121713017204,33.57359311963551
84.93106956324445,33.59111995117224
84.9321955555956,33.59312327458774
84.94627045998476,33.61816890879038
84.95190042174043,33.6281907202086
84.96372334142734,33.64923737703515
84.96597532612961,33.653246697178055
84.99975509666363,33.713410973505546
85.0121410125261,33.735472542809994
85.01585678728485,33.74209354697173
85.0242454303008,33.75704101448475
85.02441432915346,33.75734199617856
85.10008101514967,33.892182910473565
85.10148850558859,33.894691812865936
85.11218543292436,33.91375959988621
85.11274842909991,33.91476337103907
85.11342402451059,33.915969005036914
85.11449371724417,33.917878249470455
85.11787169429758,33.92390837964065
85.12389575337615,33.93466314267801
85.12490914649217,33.93647267890176
85.1361690700035,33.95658206841737
85.15587393614835,33.99177786454394
85.15654953155904,33.99298470518764
85.16499447419254,34.00807275882811
85.17343941682604,34.02316216269487
85.17372091491382,34.023665196216726
85.17552250267563,34.026885170812335
85.17816858470081,34.031615541208325
85.20631839347915,34.08197401692241
85.20693768927228,34.083081974749625
85.20778218353563,34.08459309184024
85.20975267015011,34.08812173272444
85.20997786862033,34.08852515472747
85.21279284949817,34.09356812543341
85.21966140284009,34.10587660399679
85.21983030169275,34.106179376971845
85.2243342710973,34.11425595854501
85.24094265827652,34.14404248363843
85.24432063532993,34.15010115096214
85.24674151888486,34.15444381800374
85.25011949593826,34.16050495583211
85.26475739650301,34.18678366557656
85.2789449001273,34.21225800208308
85.27950789630286,34.21326912593954
85.28626385040965,34.22540542334957
85.28654534849744,34.225911282895474
85.28795283893636,34.22844189771171
85.28857213472949,34.22955606746754
85.28902253166994,34.230366382111235
85.31576485000937,34.278490957502115
85.31711604083073,34.280924734708215
85.31812943394675,34.28275116366344
85.3293893574581,34.303056045830985
85.34064928096944,34.323362611960064
85.34177527332056,34.32539485094686
85.34233826949614,34.3264115817953
85.34301386490681,34.32763205200917
85.35427378841815,34.347980230835816
85.37116367368517,34.37851756054488
85.37133257253784,34.37882300697469
85.37780702855684,34.39053366371562
85.38118500561026,34.39664513482184
85.38287399413696,34.399706662958415
85.38850395589263,34.40991272017678
85.41214979526644,34.45278519773887
85.41237499373668,34.4531938773723
85.42127033331063,34.46933811269774
85.43393774726088,34.49234343326326
85.43731572431429,34.49848085401687
85.43737202393184,34.49858338108542
85.44018700480967,34.50371135294888
85.46270685183237,34.544810420309254
85.47818924666045,34.57307390372238
85.48044123136272,34.5771853237581
85.48381920841611,34.58335358865655
85.48449480382679,34.58458839148199
85.48477630191458,34.58510290198225
85.48781648126264,34.59066038103973
85.50099059177091,34.61475107820675
85.50200398488693,34.61660441598358
85.5025669810625,34.61763425221796
85.61848789361174,34.829731004565176
85.61933238787509,34.83127632081859
85.63340729226427,34.857052999276924
85.6454554104214,34.8791197575248
85.64759479588855,34.88304215327015
85.64905858594503,34.88572797299492
85.66200749798305,34.90949909139795
85.67011464291123,34.92438814266994
85.67101543679215,34.92604295143174
85.67551940619667,34.93432474574061
85.67664539854782,34.93639601846193
85.67681429740048,34.936707018107306
85.67732099395849,34.93764147935319
85.67816548822184,34.939199850214486
85.67855958554473,34.9399271620013
85.6875675243538,34.95655879604804
85.69038250523164,34.96176398954376
85.69882744786514,34.97739121698187
85.71611143045506,35.009380325633906
85.71808191706953,35.0130306418818
85.72483787117633,35.025553287617825
85.73666079086325,35.047480487727626
85.76030663023705,35.09133882566124
85.76469800040648,35.09948722535147
85.82764097283487,35.21639275109477
85.83524142120503,35.23051562512399
85.83541032005769,35.230829676848664
85.84042098602023,35.24014887985711
85.84081508334313,35.24088229183675
85.8548899877323,35.267086102389335
85.86468612118719,35.285328523689444
85.87228656955733,35.29948442700559
85.8728495657329,35.30053387511665
85.94040910680094,35.426674441080145
85.94114100182918,35.42804134950768
85.94395598270701,35.43329932796448
85.94508197505814,35.43540414722228
85.9526824234283,35.4496245477047
85.9611273660618,35.46543396977697
85.97041680295867,35.48282642576307
85.98561769969896,35.511299490266445
85.98578659855164,35.51161589717776
85.98775708516612,35.51530932338205
85.99057206604395,35.52059216822407
85.99563903162407,35.53010494461315
86.00070599720416,35.539625125455906
86.00138159261485,35.54089674577214
86.00177568993774,35.54163899136248
86.00684265551784,35.55118447179713
86.00734935207585,35.55213922011263
86.00751825092851,35.552457505755186
86.01866557520475,35.573504562155684
86.02069236143679,35.57733371201946
86.0274483155436,35.590097742853004
86.04152321993277,35.61670618843778
86.05841310519978,35.648646604042376
86.05863830367,35.64907266157231
86.07789277287439,35.68550370303926
86.11448752428625,35.75476425263317
86.1158387151076,35.75732228020874
86.1242836577411,35.773332830954665
86.13351679502041,35.79084332501684
86.13396719196086,35.79169816474771
86.14477671853174,35.81223159573869
86.16729656555442,35.85501620294313
86.19544637433278,35.908505085932745
86.19561527318544,35.90882603590271
86.19899325023886,35.91524932433868
86.22190719458442,35.95882645900797
86.2220760934371,35.95914779713247
86.23333601694844,35.9805708582282
86.23361751503622,35.98110648150558
86.23615099782627,35.985928748868176
86.24121796340637,35.995580760421625
86.24487743854756,36.002552023043684
86.24544043472314,36.00362484338216
86.25360387926885,36.01921437210952
86.27049376453586,36.051473898172304
86.27190125497476,36.05416491112241
86.30342904080652,36.114461764481355
86.30432983468744,36.11618501928825
86.33698361287033,36.17867714419298
86.36513342164866,36.2325534052813
86.39322693080946,36.28632516073523
86.414620785481,36.32731882883017
86.4326929627167,36.36197037421658
86.4343819512434,36.365209280170895
86.44170090152578,36.379253417744756
86.44676786710588,36.38898101753079
86.44800645869213,36.39135979201794
86.45020214377683,36.39557779247197
86.45121553689286,36.397525190062765
86.45487501203404,36.404560945022254
86.45515651012182,36.4051023600719
86.45684549864853,36.4083578599823
86.46360145275534,36.42141111645355
86.46517784204691,36.42445801659179
86.46602233631026,36.42609191977325
86.47852085140786,36.4502739781996
86.4911882653581,36.47479002460939
86.49259575579703,36.47751445766371
86.4982257175527,36.48841407112257
86.49907021181605,36.49004996843034
86.49946430913896,36.49081412739966
86.49985840646185,36.49157856490702
86.50013990454963,36.49212461778589
86.5003088034023,36.492452259957666
86.5099360380045,36.51115050074847
86.51190652461898,36.51497888258313
86.52778301676996,36.54583498194245
86.53847994410575,36.5666318434979
86.5389303410462,36.56750772449474
86.54371580853851,36.57681577466957
86.54585519400567,36.58097775617567
86.54923317105907,36.587562160794334
86.55345564237582,36.595792683577635
86.55356824161093,36.59601219308695
86.56595415747341,36.62015990250702
86.57862157142367,36.64486221557448
86.58059205803815,36.64870525408079
86.5848145293549,36.65694208850091
86.58622201979382,36.65968776983196
86.60648988211423,36.69930249009368
86.60761587446537,36.7015037974962
86.61465332665995,36.71526583342521
86.63154321192697,36.74836548634212
86.63176841039719,36.74880701711664
86.6360471813315,36.75719667720199
86.63632867941928,36.75774923964188
86.64038225188337,36.765707772859926
86.64060745035358,36.766150580346576
86.64764490254818,36.77999061266462
86.64803899987106,36.780765798833585
86.66774386601593,36.81954521350661
86.67449982012272,36.83284866012799
86.70827959065674,36.89944469210683
86.70861738836209,36.900111614804906
86.71199536541549,36.90678334593484
86.71289615929639,36.908562572210165
86.7279844568016,36.938368240832816
86.72820965527181,36.93881364199364
86.7349656093786,36.9521850790575
86.7365419986702,36.95530573747472
86.7399199757236,36.961997422281314
86.74262235736633,36.96735236792818
86.74284755583656,36.96779865499366
86.74312905392433,36.96835668931016
86.74352315124723,36.96913941022986
86.76041303651424,37.00272022980212
86.77054696767445,37.0228970560639
86.77088476537979,37.0235697531844
86.77369974625762,37.02917623697854
86.7752761355492,37.03231852460143
86.77572653248966,37.03321649756764
86.78417147512317,37.050073745614384
86.7852974674743,37.05232242225655
86.78923844070327,37.06019345999081
86.79627589289785,37.074258920964205
86.80303184700466,37.08776248776152
86.80809881258476,37.0978911504946
86.81203978581374,37.10577002355453
86.82065362729992,37.122992005190056
86.82076622653501,37.12321784091011
86.84277937699969,37.167372748416874
86.84300457546992,37.16782448896329
86.84345497241037,37.168728112713666
86.85189991504387,37.18567426151405
86.85235031198432,37.18657838748079
86.85781137488733,37.197542441356916
86.86332873740788,37.20862100218178
86.86895869916356,37.21992801606156
86.88303360355273,37.248198559900175
86.88506038978477,37.25227485603817
86.88703087639925,37.25624128612982
86.8982907999106,37.278917438436444
86.90955072342193,37.30159795292725
86.91405469282647,37.31067380005683
86.92644060868895,37.3356428796131
86.95177543658946,37.386723234141286
86.95515341364286,37.39353583802509
86.9697913142076,37.42306426756933
86.97063580847096,37.424768072540424
86.97204329890987,37.42760934734043
86.98673749909217,37.457273660764415
86.99720922795771,37.478415626465846
87.00396518206452,37.49207165612794
87.00441557900497,37.49298338432939
87.00526007326832,37.494693390043274
87.01454951016517,37.5135127615634
87.0147747086354,37.51396913583588
87.01505620672319,37.51453979843471
87.02924371034747,37.54330386477503
87.03785755183365,37.56076985861547
87.03864574647945,37.56237000138703
87.04061623309393,37.566371726359996
87.05243915278083,37.59038723811099
87.06257308394105,37.610990525858696
87.06426207246774,37.61442483281526
87.06527546558375,37.616485903950675
87.0697794349883,37.62564954970813
87.07597239291954,37.638264864208516
87.07631019062487,37.63895333703844
87.08137715620498,37.64929701534588
87.0925244804812,37.67205481675805
87.09280597856899,37.672630002295165
87.09843594032466,37.684136299718475
87.09911153573535,37.685517719397495
87.10400960246277,37.69553882473153
87.10626158716504,37.700147924945995
87.1085135718673,37.704757626000536
87.11144115198024,37.71076189444783
87.115156926739,37.71838569876479
87.11628291909012,37.720696114519626
87.14161774699065,37.77272063613745
87.14189924507842,37.77329951842685
87.14302523742955,37.77561627757909
87.14510832327916,37.779903537448156
87.15355326591266,37.797300879728375
87.15400366285311,37.79822921228158
87.1546792582638,37.79962183836499
87.16002772193168,37.81065181396081
87.17410262632086,37.83967903045387
87.17551011675978,37.842585288434066
87.1987618588107,37.89060733122465
87.2004508473374,37.894099501676976
87.20270283203966,37.898757206461234
87.21114777467317,37.91625727576259
87.21379385669833,37.9217492006674
87.2278687610875,37.9509666689098
87.24081767312555,37.97786607823527
87.24627873602854,37.98922516784021
87.2471232302919,37.990982806925885
87.24853072073081,37.993912801153414
87.2580453560979,38.01373646880421
87.25905874921392,38.015848743018836
87.26643399911384,38.03122156285798
87.26812298764054,38.034748768030724
87.26840448572833,38.03533664230558
87.27009347425503,38.038865424853036
87.27037497234281,38.03945408283183
87.27071277004815,38.040160872548604
87.27155726431151,38.04192804960199
87.27166986354662,38.042163693407446
87.2736403501611,38.04628979259276
87.27763762300764,38.054663791860136
87.28765895493272,38.07567465865543
87.28799675263807,38.07638315691764
87.29700469144713,38.09527899062425
87.2983558822685,38.098113375210104
87.3017338593219,38.1052014936717
87.30567483255086,38.1134742966901
87.30635042796155,38.114893094667224
87.30651932681421,38.115248134361494
87.30685712451955,38.11595865837625
87.31473907097748,38.13254708449337
87.32093202890873,38.14558843917581
87.32110092776139,38.14594417094957
87.3261678933415,38.15663098691471
87.33782191417573,38.18122551338898
87.34271998090317,38.191564456147056
87.35679488529235,38.22127549194836
87.3573578814679,38.22246414359401
87.35758307993814,38.22293995270472
87.36214334896023,38.23259083847417
87.40797123765138,38.32969505963184
87.42345363247948,38.36253076081352
87.42429812674283,38.364323248712935
87.42767610379623,38.37149492905449
87.42936509232293,38.37508268713449
87.42981548926339,38.376040336945394
87.43009698735116,38.37663939682162
87.43516395293128,38.387422662373055
87.43561434987173,38.38838207539367
87.44124431162739,38.40039073294139
87.45053374852425,38.42022012669719
87.45092784584715,38.421061651428836
87.4594290880982,38.43922744362041
87.46027358236155,38.441032190026064
87.46094917777224,38.44247626016392
87.46263816629893,38.446089308544884
87.46415825597296,38.44934165897153
87.48386312211781,38.49164339149186
87.48864858961014,38.501921194792565
87.50553847487714,38.53820788061099
87.50891645193055,38.54546845084489
87.5110558373977,38.55006825453229
87.51274482592439,38.553704951599
87.52141496702814,38.57237623640248
87.52164016549835,38.572861298485535
87.52811462151737,38.5868252178117
87.52924061386851,38.58926189935058
87.53008510813186,38.5910913220698
87.54697499339888,38.62768228121114
87.54765058880956,38.629146049216
87.54866398192557,38.631344229015355
87.55879791308577,38.65333703162897
87.56724285571929,38.671690718432764
87.57737678687948,38.69372587649234
87.57793978305506,38.69495171928702
88.55102237290502,40.815600484077244
88.55749682892404,40.8297120189774
88.55766572777671,40.83008027731262
88.56948864746361,40.85586006155144
88.57286662451702,40.86323012174481
88.57444301380862,40.86667098975276
88.57461191266127,40.86703967190307
88.57601940310019,40.87011391462629
88.5777083916269,40.87380765095901
88.57883438397803,40.87627333078411
88.58080487059252,40.880592734808005
88.58637853273062,40.892834743594484
88.60439441034877,40.93248403550824
88.60889837975331,40.94240711347833
88.63254421912711,40.99450719908121
88.63524660076985,41.000466482401
88.63721708738433,41.00481341699777
88.63924387361637,41.00928550496546
88.63969427055682,41.01028022343866
88.6403698659675,41.01177323904045
88.64177735640641,41.01488612094041
88.6420588544942,41.01550874933586
88.64712582007431,41.0267294862917
88.64768881624987,41.027976291254156
88.64937780477658,41.031719805537044
88.67471263267709,41.08789023068413
88.67904770322895,41.09752253270686
88.69312260761812,41.12880380736071
88.69745767816998,41.138442920159484
88.70421363227679,41.153479504037236
88.70787310741798,41.161647710779874
88.71091328676604,41.16844757660598
88.71372826764387,41.17474730354389
88.713840866879,41.174999605330065
88.71412236496677,41.17563088268141
88.71446016267211,41.17638861925964
88.71586765311103,41.179546097362646
88.71614915119882,41.180178341450784
88.71648694890416,41.1809375700625
88.7168247466095,41.18169690335763
88.72583268541857,41.201948832174175
88.7260578838888,41.20245548580337
88.72690237815215,41.204357118434025
88.72830986859105,41.207527932989706
88.75082971561375,41.25833846018304
88.78010551674322,41.32442013919508
88.79699540201024,41.36254890394237
88.79722060048046,41.36305767392005
88.79890958900715,41.36688014792622
88.80228756606057,41.37452770853377
88.82570820696415,41.42755320321612
88.8308314721618,41.4391665143721
88.83454724692055,41.44759764082621
88.83781262473885,41.45500732452369
88.83978311135333,41.45948323618446
88.84107800255713,41.462430740168045
88.86078286870197,41.50730232505376
88.86877741439503,41.52552538852803
88.87288728647667,41.53489714837642
88.87333768341712,41.53592855407792
88.8739006795927,41.537218320555596
88.87457627500336,41.53876624305279
88.87992473867125,41.55102541406431
88.8996296048161,41.596209764933086
88.91201552067857,41.62461981329078
88.93048179523716,41.667008161528315
88.93650585431573,41.680843978482116
88.94326180842253,41.69636305098912
88.95086225679269,41.713844196445876
88.95170675105604,41.715786760512735
88.95936349904375,41.7334001221459
88.96994782714441,41.75777485540068
88.98036325639241,41.781783216292986
88.98312193765267,41.788142933338065
88.98368493382824,41.78944138375043
88.98436052923893,41.79099971363221
88.9857117200603,41.79412162736945
88.98740070858699,41.798028970699264
88.98987789175948,41.803774829455065
88.99212987646175,41.808999582314506
88.99274917225488,41.81043642969589
88.99410036307623,41.813571539614394
89.00423429423644,41.837092954150634
89.00451579232423,41.83774689595967
89.00474099079445,41.838270164550416
89.01487492195466,41.86182470555566
89.01656391048137,41.86575092158817
89.01712690665691,41.86706110572188
89.01982928829965,41.87335134724229
89.02106787988589,41.876234602074554
89.02275686841259,41.880169780321815
89.0244458569393,41.884110806580814
89.02500885311485,41.885425468582085
89.0253466508202,41.886214436420865
89.02602224623088,41.88779276094415
89.03193370607434,41.9016470778393
89.04105424411853,41.92306971975498
89.0413357422063,41.923732675697174
89.04358772690857,41.92904312393161
89.04499521734749,41.93236318201162
89.05512914850769,41.95629595282254
89.05766263129775,41.96230139028047
89.06436228578698,41.97826373509534
89.0723005318625,41.99717745064305
89.07342652421362,41.99986042956312
89.07793049361815,42.01061214918125
89.08637543625166,42.0308160691143
89.08693843242723,42.03216377752288
89.08862742095393,42.03620793119265
89.0899786117753,42.03944401482704
89.09645306779431,42.05495537743493
89.09977474523015,42.06291629605642
89.10061923949351,42.06494035754697
89.10326532151866,42.07128525116097
89.10495431004537,42.075338109674135
89.10973977753768,42.0868364571169
89.11171026415218,42.09157677519354
89.124940674278,42.123412538470276
89.12578516854136,42.125447480400226
89.13006393947566,42.135781575010796
89.15545506699372,42.1971340793883
89.15624326163952,42.19903945131255
89.15714405552043,42.20121751306419
89.15753815284333,42.202171465321186
89.157707051696,42.2025805768963
89.15843894672423,42.2043539120658
89.1775808166935,42.25078429528182
89.18771474785372,42.27538019011061
89.21473856428094,42.340983149589704
89.218285440187,42.34962270170688
89.21924253368547,42.35195608051957
89.21952403177326,42.3526440782762
89.22053742488927,42.3551210353777
89.22076262335949,42.35567151447198
89.22115672068239,42.356635658203565
89.2296016633159,42.37736244466347
89.23669541512804,42.39478456635341
89.23849700288986,42.39921125944481
89.23872220136009,42.39976460989053
89.24153718223792,42.40668641736653
89.24829313634473,42.423299540832474
89.25167111339812,42.43160633737511
89.25307860383704,42.43506871815171
89.26225544149878,42.45765515391564
89.26507042237662,42.46458641742851
89.26574601778731,42.46625034740002
89.27171377724831,42.48098599342644
89.2745850577437,42.48808568977609
89.27672444321085,42.4933778008802
89.28122841261539,42.50452644693139
89.2879843667222,42.521270371069484
89.28939185716112,42.524760631133255
89.28984225410157,42.525879617494645
89.30825222904261,42.571624088632355
89.32593030895542,42.61558700956355
89.33471304929425,42.637437347138416
89.3473804632445,42.66902641613308
89.35413641735131,42.68587982616696
89.35999157757722,42.70049407522603
89.36168056610391,42.70471126956136
89.3623561615146,42.70639930062184
89.3674231270947,42.71906668912014
89.37682516322667,42.742578716169305
89.37823265366558,42.74610097094706
89.38020314028007,42.751033854296224
89.38414411350904,42.760905107256455
89.39247645690743,42.781778312786564
89.39253275652499,42.78191935939094
89.39388394734634,42.78530789616761
89.40373638041876,42.8100458040993
89.41274431922784,42.83267671358743
89.41724828863238,42.84400277227149
89.41893727715907,42.84825623718925
89.50130361764452,43.05568530380163
89.5035556023468,43.06136230060103
89.50845366907423,43.07371986741556
89.52247227384585,43.10910852516092
89.52804593598395,43.12319704170531
89.53497078894344,43.1407168346595
89.53598418205945,43.143283208885016
89.5473567048059,43.17214497142105
89.54746930404102,43.17243074687466
89.5477508021288,43.1731475737718
89.5481448994517,43.174151934656656
89.5532118650318,43.18708123556997
89.55675874093787,43.196135271163214
89.55760323520123,43.19829162527422
89.56548518165917,43.218420315002334
89.60033464492676,43.30748036490773
89.60292442733436,43.31411173089628
89.60320592542215,43.314833427092694
89.60602090629999,43.32205168693612
89.60770989482668,43.32638550796651
89.62398048430057,43.368168799498314
89.64087036956758,43.41155272513198
89.6473448255866,43.428189727082724
89.65635276439568,43.45134992086932
89.66198272615135,43.46583015677204
89.66232052385669,43.46669906165477
89.66299611926736,43.46843775356319
89.67515683665961,43.49977824332647
89.6755509339825,43.50079411493971
89.68849984602055,43.534182770939886
89.6922156207793,43.54377251015005
89.69306011504263,43.54595356542299
89.69356681160065,43.547263382402924
89.70060426379524,43.56547466997109
89.71310277889283,43.59784799219104
89.71591775977066,43.60514083420419
89.74716404751463,43.68609786775884
89.75735427829238,43.71253113717633
89.7624212438725,43.72568052312402
89.76315313890073,43.727580515596145
89.77610205093876,43.76119828339714
89.77953632760972,43.77012419440429
89.7914155469142,43.801003154512316
89.79169704500197,43.801735484069496
89.80014198763547,43.82373817021785
89.8012679799866,43.82667356894575
89.81252790349795,43.85607889571631
89.81798896640095,43.87034344595907
89.81838306372384,43.871372975554834
89.81979055416276,43.875053819682314
89.82035355033833,43.87652660857803
89.82373152739174,43.88537924002935
89.8310504776741,43.904573007033406
89.83116307690922,43.90486833319894
89.831444574997,43.905609074895295
89.83228906926036,43.90783264052461
89.86055147727382,43.98232666520131
89.87237439696072,44.01352986662789
89.8780043587164,44.028421168140206
89.88160753424002,44.03796042983071
89.88329652276673,44.04243736598442
89.8839721181774,44.04422899985572
89.88419731664763,44.04482655162549
89.90564747093673,44.10177200419709
89.95552893209197,44.234328183635704
89.957049021766,44.23836894709327
89.9604269988194,44.24736276995394
89.9705609299796,44.27436991152065
89.97985036687646,44.299160794190286
89.9818771531085,44.30457322150226
89.9835661416352,44.30908372732203
89.9937000727954,44.336166604213915
89.99516386285188,44.340079609760416
89.99719064908392,44.34551126241811
90.06649547829622,44.531570341643345
90.06666437714888,44.53202380116178
90.07336403163814,44.55001300954887
90.07420852590148,44.55228123797957
90.08490545323725,44.58101700720212
90.08625664405862,44.58465118456134
90.08794563258532,44.58919662680186
90.08879012684868,44.591469486189695
90.14064207461838,44.73133647813222
90.16034694076323,44.78455774950518
90.16991787574787,44.81041025268961
90.17515374018065,44.82457854210805
90.17537893865088,44.82518871309071
90.176504931002,44.828240091488986
90.17684272870734,44.82915642474334
90.18247269046302,44.84442907416597
90.20307835048877,44.90034575397354
90.23804041299147,44.99527897426435
90.24930033650281,45.02589912910555
90.24986333267839,45.02743027227053
90.2500885311486,45.02804355626348
90.26979339729345,45.08180027875468
90.27148238582015,45.08640812663761
90.27975842960099,45.10902658846511
90.2814474181277,45.11364901220152
90.28381200206506,45.120124115393736
90.2883159714696,45.13247239191422
90.28966716229097,45.136178807810666
90.2907931546421,45.139268374640096
90.31145511428541,45.19606294393039
90.31196181084343,45.19746062941151
90.31533978789682,45.20678258406573
90.31804216953955,45.21424157129343
90.31973115806625,45.21892469080597
90.32198314276852,45.22521471318991
90.3253611198219,45.23466298131314
90.35339832936515,45.313244940606864
90.3542428236285,45.315612039148405
90.36752953337188,45.35285701447964
90.37147050660084,45.36394292890215
90.37237130048176,45.366479117767
90.38644620487094,45.40621940545178
90.38689660181139,45.407491344369646
90.38723439951673,45.408445540831735
90.39033087848235,45.41721994624299
90.39061237657012,45.41801969271357
90.39117537274569,45.41961973073468
90.39201986700904,45.42202183604579
90.39314585936017,45.42523749838994
90.39990181346698,45.444538497390724
90.40159080199368,45.44937072377142
90.43385048285367,45.54180761425722
90.43418828055901,45.54277990142822
90.43587726908571,45.547652000880014
90.43869224996355,45.55577442682737
90.43925524613911,45.55741880248196
90.4409442346658,45.56235325483343
90.45130336429624,45.59266444515854
90.45158486238402,45.59348982866208
90.45755262184504,45.61099153102283
90.46036760272288,45.619266288720915
90.46205659124958,45.624265129117134
90.48891150882412,45.703895915190465
90.49285248205308,45.71558861644074
91.09767927346469,47.510622990709685
91.1044352275715,47.53067643512025
91.47235322830451,48.62280674499231
91.47522450879991,48.63133955124119
91.48665333116392,48.66533935514405
91.4868222300166,48.66584205880051
91.48716002772194,48.66684866083584
91.49515457341498,48.6907415905735
91.49633686538368,48.6942966517369
91.49661836347146,48.695149972391526
91.50393731375382,48.71739034629295
91.57864690625158,48.94494187197339
91.57892840433935,48.94579952565562
91.58286937756831,48.95782452379993
91.59103282211404,48.98276614492346
91.60274314256583,49.01856593694294
91.60612111961923,49.02891723937105
91.6151290584283,49.05665175724832
91.62120941712443,49.07538146518476
91.62993585784571,49.10236864261413
91.63123074904952,49.106389266178866
91.63460872610293,49.116887622421245
91.63798670315633,49.12740107414527
91.6428284702662,49.14250536780263
91.66123844520723,49.200004521912014
91.66461642226065,49.210623432472964
91.67446885533307,49.2416162530568
91.67784683238646,49.25226181069121
91.6780720308567,49.25297343637456
91.69214693524587,49.29765882271418
91.70425135302057,49.33612651250768
91.7070663338984,49.34509283209609
91.73268265988669,49.42698496920458
91.74366108531025,49.46218244211751
91.74439298033849,49.464536835987694
91.74991034285904,49.48228914898657
91.75351351838266,49.49395538576934
91.75548400499716,49.50033910190296
91.75717299352385,49.50581742472426
91.77654006196336,49.568872646165275
91.78357751415794,49.591913167406986
91.78414051033351,49.5937575676948
91.7902771686472,49.61387869745004
91.79635752734332,49.633889558807546
91.79917250822115,49.64316155403484
91.79945400630893,49.6440929443105
91.80699815506154,49.66912432610412
91.81257181719965,49.68771721943746
91.81549939731259,49.69750099403642
91.82664672158882,49.734828660800865
91.83987713171464,49.77915880088221
91.87044782404793,49.88162227342537
91.89009639057521,49.94751515561683
91.89899173014918,49.977354897200925
91.906761077372,50.00350857771386
91.90940715939718,50.01251986591744
91.91954109055737,50.047092168481065
91.93992155211289,50.11664491206851
91.95455945267764,50.166712004296045
91.9550098496181,50.16825813663569
91.96441188575007,50.2006191893138
91.97032334559351,50.22097322185943
91.98344115648422,50.26618582616852
91.98710063162541,50.27880028129198
91.9950388777009,50.30619966307841
92.00348382033441,50.3353606506561
92.01198506258547,50.3647237479277
92.04182385989051,50.467816600367044
92.0558987642797,50.51656654432778
92.06119092833003,50.53494478662064
92.06986106943376,50.56508502068626
92.08264108261912,50.60956564686324
92.08630055776031,50.622336125503864
92.08714505202367,50.62528646683331
92.09846127515256,50.66484331325216
92.10285264532197,50.680215789848134
92.11045309369213,50.70689109439449
92.1323536449217,50.78375572856834
92.13556272312242,50.79506282768106
92.15121401680318,50.85047076273883
92.16050345370004,50.883412644281634
92.16894839633353,50.91337699075186
92.17345236573809,50.92940913295604
92.18696427395169,50.97751173745561
92.19180604106157,50.99478453826299
92.20464235386449,51.04059249323855
92.22237673339485,51.104174830182004
92.229470485207,51.1297037664043
92.23031497947034,51.13274829577651
92.25001984561518,51.203867652944645
92.25030134370297,51.2048851195629
92.2527222272579,51.21363614179499
92.26127976912653,51.24457279294601
92.26826092170356,51.26982194141706
92.3013650968269,51.3895720152121
92.31290651842602,51.43133349467859
92.36199978493545,51.60902071526935
92.37438570079793,51.65405205875003
92.38390033616501,51.68870653945339
92.39516025967636,51.72976412175581
92.40428079772055,51.76311206519814
92.41272574035403,51.79399082581452
92.41554072123188,51.80429982698676
92.46564738085735,51.98817081383253
92.47240333496414,52.012966410917684
92.47476791890152,52.021653553037005
92.4753309150771,52.02372269839917
92.47645690742823,52.02786272858469
92.4837758577106,52.054848973314414
92.48827982711514,52.07151314349233
92.48940581946627,52.07567941953588
92.48996881564183,52.0777631314563
92.50404372003102,52.129941586166595
92.50714019899662,52.14143201336686
92.56298941961288,52.34908974231117
92.57256035459751,52.38478204790563
92.57762732017761,52.40375609103326
92.58472107198976,52.43037374560389
92.59204002227213,52.457845301871686
92.5993589725545,52.485320941055726
92.60999960027272,52.5253148097784
92.6148413673826,52.54358658345567
92.6157421612635,52.546997988137825
92.62058392837338,52.56534286361361
92.65548969125852,52.69763040345623
92.66674961476987,52.74030987686405
92.6715350822622,52.7584823064811
92.68369579965443,52.80481974639143
92.6994596925703,52.86491116342427
92.71071961608165,52.907850257959296
92.72490711970593,52.96196943422101
92.74179700497295,53.02654981489366
92.74252890000119,53.02935120562404
92.74309189617675,53.03150985655941
92.7473143674935,53.04771101180543
92.7581238940644,53.0892652024881
92.78469731355115,53.191434258772105
92.78559810743205,53.19490178512832
92.78621740322518,53.197287799836246
92.78903238410301,53.20816273524921
92.78959538027858,53.21033800139189
92.79691433056095,53.23863039497881
92.82061646955232,53.330538740854884
92.82410704584085,53.3441088908015
92.82911771180339,53.3636219975597
92.83446617547128,53.38448805274199
92.83981463913915,53.405422449179
92.8443186085437,53.42309648999126
92.85642302631838,53.4706748167142
92.86098329534047,53.48861093667586
92.86605026092057,53.508550524247724
92.87449520355409,53.541957302502574
92.87736648404947,53.55331984060767
92.88862640756082,53.59788285738749
92.89594535784317,53.62701266741754
92.8994359341317,53.64092833901404
92.91604432131092,53.70715274692771
92.91745181174984,53.71277199486829
92.92173058268415,53.72991751175339
92.92313807312307,53.735566850950214
92.93569288783821,53.78597549588706
92.96406789508679,53.90002478759241
92.96643247902418,53.90953121250979
92.96671397711197,53.91067420924247
92.96738957252263,53.9134179538999
92.97189354192716,53.93175727872812
92.97583451515614,53.94785949391944
93.0107402780413,54.09052326971761
93.02470258319535,54.14766465731585
93.03117703921437,54.174187724066435
93.03252823003574,54.179724524269226
93.04299995890129,54.222650962078426
93.04356295507684,54.22495962781695
93.05448508088284,54.26999322744225
93.06889778297736,54.32958244556687
93.08212819310319,54.38444412613589
93.08787075409397,54.40836023033652
93.0906857349718,54.4201153406352
93.09451410896565,54.43611467719601
93.09507710514123,54.438470229364064
93.09935587607553,54.456385241727
93.10385984548007,54.4752622958923
93.1053799351541,54.48163647213088
93.1268300894432,54.572001956895214
93.16060985997721,54.714376102655905
93.16449453358864,54.73076431029881
93.16787251064204,54.74503960994104
93.17108158884277,54.75863805362824
93.17147568616566,54.76030881357935
93.1793576326236,54.79381437284809
93.18566318978995,54.820627702356525
93.19354513624789,54.85416440517263
93.19720461138907,54.86976059417004
93.25299753238777,55.107972431323525
93.26408855704643,55.15535598087234
93.26493305130978,55.15896988044523
93.27028151497767,55.18189392201022
93.2718016046517,55.18841195349001
93.30276639430788,55.32149865663475
93.30760816141776,55.342318730090255
93.33373118396406,55.454956530315926
93.34076863615866,55.48533591715979
93.34105013424644,55.48655229723401
93.341613130422,55.4889854136967
93.34645489753188,55.50994083988444
93.34679269523723,55.511404537367724
93.35214115890511,55.53459002453434
93.3621624908302,55.578101571797625
93.36807395067366,55.603796456217324
93.66556112984324,56.89828476577391
93.6718666870096,56.92583049296028
93.67530096368056,56.94083609714746
93.67732774991259,56.949701026555374
93.67766554761793,56.95118063131102
93.68233841587514,56.971648829140385
93.6845904005774,56.98152267852789
93.69641332026431,57.033379512311114
93.70485826289782,57.07050232174542
93.71048822465349,57.09530496245765
93.72597061948159,57.163529285416146
93.73458446096775,57.201544079919486
93.74224120895546,57.23535301820695
93.74505618983329,57.247785539848564
93.75935629269271,57.311095809394764
93.76121418007207,57.31935200053624
93.76673154259262,57.34387275973914
93.77348749669943,57.37400519319775
93.78880099267487,57.442460408851616
93.79555694678166,57.472673654014905
93.80163730547778,57.499887003075166
93.80445228635563,57.51248902548646
93.80501528253119,57.515009793808346
93.80974445040596,57.53620536273982
93.81042004581663,57.53924409841497
93.81098304199219,57.541778211619786
93.98483626100727,58.32527282372004
93.99609618451862,58.37607515457515
94.02441489214964,58.50398785489299
94.0401787850655,58.57521406397521
94.04535834988073,58.59873873456402
94.05211430398754,58.629515066442735
94.07018648122323,58.71185918856512
94.07131247357437,58.71700175760003
94.08972244851542,58.8011723487177
94.1010386716443,58.852929265157485
94.10216466399544,58.85809330612105
94.11060960662894,58.896842320828824
94.11860415232199,58.93354759719844
94.11888565040978,58.93484249223171
94.12451561216545,58.960753676476344
94.12676759686771,58.9711248265416
94.13802752037905,59.02314029196163
94.13999800699354,59.03225338368095
94.14168699552023,59.04007678799598
94.14196849360802,59.04138093976737
94.1425314897836,59.04398999101256
94.14281298787137,59.04529527278777
94.14309448595915,59.046601872918515
94.18104042819238,59.222908723774836
94.18835937847474,59.25692398278278
94.18869717618009,59.25849559120366
94.190104666619,59.265061452350146
94.19742361690136,59.299238672334965
94.19809921231204,59.30239432426877
94.19877480772273,59.30554998773627
94.20204018554102,59.32080974728229
94.20992213199895,59.35765309089365
94.22230804786143,59.415631483044194
94.2414499178307,59.505279802531355
94.26458906064651,59.614204765173504
94.26571505299765,59.61951361829757
94.27956475891659,59.68486035667166
94.29701764035917,59.7673103650747
94.30039561741256,59.78327749874358
94.30951615545675,59.82639451938881
94.31036064972011,59.83038836645315
94.33006551586494,59.923773495847634
94.34622350610373,60.00037475988292
94.36699806498214,60.09891048516602
94.37921508199196,60.15692623216934
94.38231156095756,60.171645425624966
94.38456354565984,60.182352673492886
94.39638646534674,60.23863255561592
94.40550700339092,60.282201814555016
94.43084183129145,60.40323995110802
94.43292491714104,60.4132131599572
94.44643682535464,60.47793721393177
94.45488176798816,60.51844345620846
94.47554372763146,60.61778134717608
94.49845767197704,60.72810729882489
94.51208217942576,60.793804233386304
94.52559408763936,60.859035275183395
94.52880316584009,60.874530396384266
94.53037955513169,60.882142479416956
94.53432052836065,60.90127425244852
94.55121041362766,60.98331147452053
94.57384285988545,61.09336742119533
94.58848076045018,61.16455585861026
94.61623647190565,61.29976874250512
94.62749639541698,61.35465392880026
94.64016380936724,61.41643155526303
94.64748275964962,61.45216899600155
94.65423871375643,61.485338214747806
94.65654699807624,61.49667969329266
94.66330295218305,61.530027603128545
94.68863778008357,61.655219405820894
94.69753311965752,61.69919761461776
94.70102369594603,61.716543212125295
94.70355717873609,61.72916694139789
94.71256511754515,61.7741215362463
94.71932107165196,61.80784913779297
94.7255140295832,61.83898661989448
94.72618962499388,61.84238437187493
94.7599693955279,62.01245014170652
94.76531785919579,62.03937947852472
94.76588085537135,62.04221606105725
94.7836152349017,62.131611928160815
94.78474122725285,62.13729389598809
94.78834440277647,62.15555422890967
94.79312987026879,62.17980715321178
94.79814053623133,62.20521505869006
94.86558747806426,62.54734580503427
94.86586897615204,62.548774096919026
94.87166783676038,62.578202790378725
94.88574274114956,62.64983994380924
94.88923331743807,62.66764536322695
94.9193536128309,62.82135428543341
94.93624349809792,62.90771126346235
94.95763735276947,63.017288013304714
94.96225392140911,63.040951303105786
94.9760473277105,63.11169027127307
94.99068522827524,63.18676590787502
94.9994679686141,63.23181636558539
95.00780031201248,63.27458869579593
95.01624525464598,63.318040879307155
95.01849723934825,63.32966970671472
95.02660438427641,63.3715718846377
95.0298697620947,63.38846240413282
95.03077055597561,63.39312247556143
95.03527452538016,63.416450564665936
95.04017259210758,63.441926633732
95.0453521569228,63.46894747416921
95.05267110720517,63.507158005162864
95.0612286490738,63.55189151515859
95.06404362995163,63.56660981090098
95.115557780016,63.83624621040814
95.12175073794724,63.86872672033714
95.13824652589135,63.955542606047786
95.14443948382258,63.98815558972236
95.15851438821176,64.06228782684875
95.16921131554753,64.11896063185097
95.18114683446956,64.18232297657714
95.18520040693363,64.20384723017962
95.20265328837621,64.29656308185933
95.22066916599435,64.39227057421944
95.2234841468722,64.40722661525257
95.23418107420795,64.46405973362317
95.24358311033994,64.51402109860967
95.25371704150014,64.56792796217847
95.2551808315566,64.57572007885464
95.26998763097401,64.65458014281023
95.29109998755779,64.76703348056708
95.29194448182113,64.77153784263756
95.31908089748346,64.91683966005519
95.32392266459334,64.94279041971781
95.32842663399788,64.96693538782138
95.33608338198559,65.00800740658849
95.35241027107702,65.09562737026177
95.36513398464484,65.16398326926223
95.36823046361046,65.18062256419728
95.38174237182406,65.25340234080419
95.40825949169327,65.39625552378364
95.4185060220886,65.45147862559256
95.42357298766869,65.4788247242132
95.56426573194288,66.23897069198765
95.57158468222525,66.2785396944994
95.57834063633206,66.31507645842095
95.61454129042102,66.51110748176171
95.6215787426156,66.54922214264691
95.641846604936,66.65902046603883
95.65198053609622,66.7141591946698
95.65462661812138,66.72856997758775
95.65834239288013,66.74882214768571
95.66245226496176,66.77124186819027
95.6669562343663,66.79583050533725
95.68159413493103,66.87581652244697
95.70889944944604,67.02516622362712
95.71452941120171,67.05607465323189
95.71779478901999,67.07402046001641
95.72370624886345,67.1065532956372
95.72567673547793,67.11740738169988
95.73552916855036,67.1719601030893
95.73941384216177,67.19348212674963
95.74149692801137,67.2050266444133
95.75219385534714,67.26454306602626
95.761483292244,67.31635172829128
95.77274321575534,67.3792294606902
95.78681812014452,67.45785046704728
95.7917724864895,67.4855346157883
95.80207531650238,67.5431278589567
95.805171795468,67.56046467958599
95.80973206449008,67.5860128323518
95.8455949208737,67.78692869921503
95.84784690557598,67.79956109540464
95.8523508749805,67.82485171251031
95.85555995318124,67.84288976977902
95.86935335948263,67.9204236935741
95.876672309765,67.96157968781712
95.88275266846112,67.99578351313889
95.9653442074168,68.46049670402469
95.96624500129771,68.46557792581928
95.99844838254013,68.6474571653662
96.00858231370034,68.70477739581045
96.0165768593934,68.75004680420993
96.02130602726817,68.77684859739388
96.02355801197042,68.78963462735287
96.0308769622528,68.8312787203593
96.0393219048863,68.87935341002074
96.0426998819397,68.89860549558007
96.05564879397774,68.97280839015765
96.17562327899107,69.6604469741246
96.18085914342383,69.69053237302498
96.1961163397817,69.77840958709783
96.20005731301066,69.80116541943437
96.20405458585721,69.82429694781743
96.2209444711242,69.92214565830145
96.23074060457907,69.97900241984568
96.23468157780805,70.00192466733044
96.23997374185838,70.0327094794994
96.27031923572143,70.20933180276812
96.28197325655566,70.2774338615212
96.29548516476927,70.35643123617352
96.30111512652495,70.38935887070208
96.30719548522106,70.42494141805196
96.32858933989262,70.55040096769845
96.33647128635056,70.59663839003434
96.35184108194353,70.68685062717925
96.3679990721823,70.78195054513809
96.37661291366848,70.83270976153536
96.3776263067845,70.8386821026724
96.40014615380717,70.97159759932563
96.4088162949109,71.02280044122847
96.413883260491,71.0527352444887
96.41743013639709,71.0736997398437
96.4318428384916,71.15896867100182
96.43465781936943,71.17562388252364
96.43826099489307,71.19708130534296
96.44360945856096,71.22895168414755
96.45346189163337,71.28775949278526
96.45627687251121,71.30457727378757
96.45852885721348,71.31803747633516
96.46545371017294,71.3594892495031
96.4709710726935,71.39253443466599
96.48617196943381,71.48358235852524
96.50993040804275,71.62630381675108
96.51404028012438,71.65101983553326
96.55626499329189,71.90590550832312
96.5626268500758,71.9443164235391
96.56921390532995,71.98419513301563
96.57298597970623,72.00705602983672
96.57929153687259,72.04530672281923
96.6012483877197,72.1786720292607
96.60980592958832,72.23066046310124
96.63812463721933,72.4033158120659
96.64544358750172,72.44807030097586
96.65281883740164,72.4931964432052
96.66627444599769,72.57560999343013
96.6744378905434,72.62563292223422
96.68569781405475,72.6946420491763
96.69312936357223,72.74034094783839
96.69904082341569,72.77679287941238
96.70179950467596,72.79382636847379
96.7055152794347,72.81677793919158
96.71452321824377,72.87250942567893
96.7230807601124,72.92554890308809
96.72882332110318,72.96122556237542
96.75162466621364,73.10305331930536
96.77375041591343,73.24082626489297
96.78050637002022,73.28296774237428
96.80060533348797,73.4085813047451
96.81186525699931,73.47901763973438
96.81974720345725,73.52832606375475
96.82650315756405,73.57062117258741
96.83196422046704,73.60488650805479
96.83635559063647,73.63246619840123
96.84874150649895,73.71027821101003
96.88088858812382,73.91238978910762
96.88877053458175,73.96203226998239
96.89440049633743,73.99757658102897
96.90149424814958,74.04247798631582
96.9089820972846,74.08987841753547
96.93065745004394,74.2271711135698
96.94219887164307,74.30027702595629
96.95897615767495,74.40664289868658
96.96432462134284,74.44074135353027
96.97333256015192,74.49819347970924
96.98509918022127,74.57349975002688
96.99050394350671,74.60819822708267
97.00001857887379,74.66937851435017
97.0076753268615,74.71865401086013
97.01330528861718,74.75488882924911
97.01949824654841,74.79482601287809
97.02557860524453,74.8340581382477
97.09325074554769,75.2708331973791
97.10282168053233,75.33263404593609
97.11785367841996,75.429881261087
97.12213244935427,75.45757148861814
97.1391349338564,75.56761314445146
97.14667908260898,75.6164625919668
97.15568702141807,75.67484414269656
97.16604615104849,75.74206886823195
97.17235170821485,75.7830207933634
97.1817537443468,75.84420748741482
97.22144497472429,76.1029733982657
97.22876392500666,76.15086882131808
97.23501318255545,76.19183786900076
97.23985494966533,76.22361525662895
97.25027037891331,76.2920646831908
97.25449285023006,76.31985029420294
97.2640637852147,76.38283315885396
97.26856775461924,76.41254281178661
97.27357842058179,76.44561891283098
97.28039067430615,76.49069006304155
97.28692142994274,76.53391270688759
97.3009963343319,76.62711090974635
97.30561290297155,76.65771819672213
97.31073616816921,76.69172159662591
97.33083513163695,76.82561970791778
97.33984307044602,76.88576163870093
97.35740855112371,77.00378268864483
97.37176495360067,77.10048361854417
97.38583985798984,77.19563937076153
97.39766277767676,77.27570693049933
97.40368683675533,77.3165163974364
97.40537582528202,77.32801762751076
97.42491179257419,77.46110285937877
97.43031655585963,77.49800508785547
97.72870452891014,79.53592967451985
97.7368116738383,79.59138705226518
97.75246296751907,79.69847622569525
97.7656933776449,79.78929307506658
97.7825832629119,79.90523637772306
97.7893392170187,79.95165019738887
97.80161253364605,80.03598132839046
97.8111834686307,80.10174433615151
97.82075440361534,80.1675397990547
97.8243012795214,80.19203764704285
97.82863635007327,80.22199376523118
97.84552623534029,80.33882448916869
97.90948260088469,80.78128721537003
97.91370507220144,80.81050765707472
97.9247960968601,80.88756622885828
97.92569689074102,80.89382606153606
97.9313268524967,80.93304597904402
98.03508704765369,81.65620285266347
98.03998511438112,81.69035187814092
98.05490451303365,81.7944269162535
98.06115377058244,81.8380630022081
98.06622073616253,81.87349877204596
98.07883185049523,81.96180913614832
98.0881212873921,82.02700586692548
98.0898102759188,82.03888666939368
98.09769222237674,82.09444571913012
98.12589833077264,82.29347497209856
98.13732715313664,82.37417071891507
98.14081772942517,82.39902952590882
98.16784154585237,82.59160853208604
98.1910932879033,82.75763205395288
98.19638545195363,82.79542702503497
98.20060792327038,82.82567186154506
98.20285990797265,82.84186536319751
98.20736387737719,82.8743610534273
98.21091075328326,82.90006925273231
98.22166398023658,82.97818277249715
98.22898293051895,83.03143740075025
98.23140381407389,83.04911147948376
98.23556998577308,83.07957721423351
98.24823739972335,83.17238602535754
98.25223467256987,83.20171674479333
98.25651344350418,83.23314783881195
98.26101741290871,83.26626503162437
98.26974385363,83.33051023107136
98.29547277885341,83.5199396565395
98.2982314601137,83.54035463331223
98.30555041039605,83.59459846839809
98.31444574997002,83.66080072284163
98.32367888724932,83.72972103385136
98.32615607042182,83.7482455878999
98.33009704365078,83.77783867362987
98.33583960464156,83.82104665986479
98.34259555874837,83.87227574679895
98.35329248608414,83.95342992996177
98.38470767268078,84.19193059308662
98.39529200078144,84.27248376428506
98.39951447209819,84.30470477719896
98.40565113041187,84.35160496061759
98.41409607304537,84.41638541205297
98.42423000420558,84.49423426552586
98.43853010706498,84.60445880961771
98.44742544663893,84.67315766099054
98.46431533190595,84.80365115815937
98.4698326944265,84.84660807037014
98.48109261793785,84.9349610499843
98.48447059499125,84.9616523404147
98.49651871314839,85.05699558410049
98.50530145348722,85.12669130685873
98.51307080071004,85.18881708613107
98.51802516705504,85.22845613187673
98.52979178712438,85.322701783469
98.54386669151356,85.43558847688195
98.55906758825387,85.55751837274671
98.59284735878789,85.82859657271365
98.59729502857488,85.86431903418963
98.60523327465036,85.92825470366905
98.6239247476792,86.07904609974408
98.631187398344,86.13775955672558
98.63231339069513,86.14690239079208
98.6331578849585,86.15376000221815
98.63479057386763,86.16708166739764
98.64385481229426,86.24105904417002
98.65500213657049,86.3320933788899
98.76242180686866,87.21076969737595
98.76529308736406,87.23444518430539
98.77300613496932,87.29846532928133
98.77886129519521,87.34715266727821
98.78325266536464,87.38367662562844
98.79490668619889,87.48097017209315
98.8068422051209,87.5815412470767
98.80903789020562,87.60014367154481
98.82108600836274,87.70256584077734
98.82840495864511,87.7647955822597
98.83853888980532,87.85099669586913
98.84034047756714,87.86643099106128
98.84433775041366,87.90072139035004
98.85925714906618,88.0287411901469
98.86499971005696,88.07855719407678
98.87935611253393,88.20420477987416
98.88898334713613,88.2890510884306
98.89236132418952,88.31883013304805
98.89590820009559,88.350121555677
98.90998310448477,88.47435309282709
98.91420557580153,88.51189110977815
98.92602849548842,88.61720600673682
98.92715448783956,88.62724609887182
98.93695062129443,88.71514906112779
98.94404437310658,88.77910252210714
98.94488886736993,88.78673657765916
98.95215151803474,88.85263259144432
98.953896806179,88.86853937692393
98.95840077558353,88.90977490759232
98.96177875263693,88.94072077038322
98.9690977029193,89.00801189920703
98.97191268379714,89.03390055238806
98.9724756799727,89.03908561893647
98.97658555205435,89.07699348689533
98.98519939354053,89.1567117402195
98.98801437441836,89.18285722029124
98.98914036676949,89.19333906038989
98.99156125032442,89.21589932210475
99.0069310459174,89.359188755194
99.01059052105859,89.39360671891862
99.02269493883328,89.50808508283042
99.02798710288361,89.55835922818946
99.03164657802479,89.59323760349417
99.03418006081485,89.6174441737598
99.05647470936731,89.83084047288767
99.06092237915428,89.87341999805837
99.07274529884118,89.98670698633052
99.0842867204403,90.0973019931055
99.09154937110513,90.16709264393803
99.09633483859744,90.21338200021614
99.10928375063548,90.3387239892789
99.11299952539422,90.37472603654459
99.11739089556364,90.4172924843254
99.12302085731932,90.4723704566053
99.12729962825362,90.5143392125493
99.13270439153908,90.56748899356725
99.14424581313818,90.68160102791215
99.15280335500681,90.76628472946169
99.15578723473732,90.79595997381278
99.15916521179071,90.82956312136204
99.16338768310747,90.8715760148532
99.16777905327689,90.91552701665937
99.16862354754025,90.92401228553555
99.17425350929591,90.9809155014403
99.18410594236833,91.08062372930411
99.18945440603622,91.13494114489747
99.1918189899736,91.15896890934368
99.19266348423696,91.16756261219143
99.20307891348494,91.27390547030085
99.21034156414976,91.34815051088022
99.2157463274352,91.40347038274325
99.22869523947324,91.53617578370961
99.23083462494039,91.55810449485179
99.23691498363651,91.62048451831618
99.4465184598001,93.77322475408427
99.46059336418928,93.91790319532855
99.46188825539308,93.93128085219838
99.46639222479762,93.97784244493333
99.47832774371965,94.10211246349326
99.48103012536235,94.13031132526328
99.4847459001211,94.16923328485804
99.48744828176382,94.197615153541
99.49065735996456,94.23138894932202
99.51813157333223,94.5210476584165
99.52494382705657,94.59290925429106
99.52989819340156,94.64527669175885
99.53580965324502,94.70808660496569
99.53952542800377,94.74758675057548
99.55106684960289,94.87035246400565
99.55607751556543,94.92380447124587
99.56345276546537,95.00253885495601
99.57150361077596,95.08853038734341
99.58557851516515,95.23893314793716
99.58614151134071,95.24498012853108
99.59796443102762,95.37206984920682
99.60556487939778,95.45381611306222
99.69001430573282,96.36397282962818
99.69046470267328,96.36885535820879
99.69547536863583,96.42324090677296
99.70014823689303,96.47405291447242
99.70183722541974,96.49248378363822
99.70634119482426,96.54172497080997
99.72126059347679,96.704945530326
99.72227398659281,96.71612038133345
99.72874844261183,96.78767584517603
99.73268941584081,96.83126024019242
99.74068396153385,96.9197058025887
99.74147215617964,96.9284326161896
99.74203515235521,96.9346933418828
99.7473836160231,96.9944418194278
99.76145852041228,97.1517093510906
99.76539949364124,97.19600554660836
99.77226804698316,97.27349950579166
99.77761651065104,97.33417271786881
99.78257087699603,97.39040603435006
99.79146621656999,97.49279130170821
99.79934816302793,97.58357236315086
99.80306393778667,97.62640032654882
99.82169911119794,97.8412151861627
99.83780080181916,98.02682585649346
99.84647094292288,98.12690535031335
99.84703393909845,98.13341442893375
99.84900442571293,98.15645362969877
99.85677377293575,98.24735524820834
99.86369862589524,98.32846922299522
99.8642616220708,98.33507169857137
99.86927228803336,98.39464863472071
99.87146797311806,98.42087359852894
99.87405775552567,98.45190310811715
99.8844168851561,98.576427237017
99.896239804843,98.71867637961118
99.89905478572084,98.75257847553459
99.90232016353913,98.79199708342782
99.90288315971469,98.79885925184776
99.91121550311308,98.90055662761344
99.93846451801053,99.23498529646719
99.95056893578523,99.38361293032848
99.95614259792333,99.45265230420905
99.9600835711523,99.50171820979575
99.9916676566016,99.89576221256416
100.0,100.0
